/*
SQLyog Ultimate v8.53 
MySQL - 5.5.19 : Database - desouttercsms
*********************************************************************
*/

/*!40101 SET NAMES utf8 */;

/*!40101 SET SQL_MODE=''*/;

/*!40014 SET @OLD_UNIQUE_CHECKS=@@UNIQUE_CHECKS, UNIQUE_CHECKS=0 */;
/*!40014 SET @OLD_FOREIGN_KEY_CHECKS=@@FOREIGN_KEY_CHECKS, FOREIGN_KEY_CHECKS=0 */;
/*!40101 SET @OLD_SQL_MODE=@@SQL_MODE, SQL_MODE='NO_AUTO_VALUE_ON_ZERO' */;
/*!40111 SET @OLD_SQL_NOTES=@@SQL_NOTES, SQL_NOTES=0 */;
CREATE DATABASE /*!32312 IF NOT EXISTS*/`desouttercsms` /*!40100 DEFAULT CHARACTER SET utf8 */;

USE `desouttercsms`;

/*Table structure for table `customerinfo` */

DROP TABLE IF EXISTS `customerinfo`;

CREATE TABLE `customerinfo` (
  `Id` int(11) NOT NULL AUTO_INCREMENT,
  `CustomerName` varchar(100) NOT NULL DEFAULT '',
  `EndCustomerName` varchar(100) DEFAULT NULL,
  `ContactPerson` varchar(50) NOT NULL DEFAULT '',
  `Telephone` varchar(20) DEFAULT NULL,
  `Mobile` varchar(20) DEFAULT NULL,
  `Address` varchar(100) DEFAULT NULL,
  `PostCode` varchar(10) DEFAULT NULL,
  `Remark` varchar(300) DEFAULT NULL,
  `Verified` bit(1) NOT NULL DEFAULT b'0',
  PRIMARY KEY (`Id`)
) ENGINE=MyISAM AUTO_INCREMENT=508 DEFAULT CHARSET=utf8;

/*Data for the table `customerinfo` */

insert  into `customerinfo`(`Id`,`CustomerName`,`EndCustomerName`,`ContactPerson`,`Telephone`,`Mobile`,`Address`,`PostCode`,`Remark`,`Verified`) values (1,'cn','ecn','cp','66666666','12345678901',NULL,'200001','adfarg ae5y hhwhtht',''),(2,'cnnnn','ecn','cp','232323','124','','100002','testeset remak','\0'),(3,'1','1','1','','',NULL,'','',''),(4,'2','2','1','','',NULL,'','',''),(5,'111','111','1','','',NULL,'','','\0'),(6,'IS','IS-7','1','4234324','',NULL,'','tk',''),(7,'T-Series','T29','1','','12414214',NULL,'','tk',''),(8,'Foch','Foch155','1','','17616',NULL,'','tk',''),(9,'Maus','Maus','1','26465','','','','tktk',''),(10,'T-62','T-62A','1','','2343233',NULL,'','tk','\0'),(12,'FranchHeavy','FCM50t','fcm','1232123232','2626','YQ2adfdfd','00332','tk',''),(13,'cusNew','cusNew','newps','','26444','','','',''),(16,'cusNew','cusNEWEWE','98765','2352535352','','','','','\0'),(15,'cusNew','cusNew2','1634','8588565','','','','',''),(17,'XX155','XX155 55','xx15555','15558','','','','ff',''),(18,'XX155','XX155 58','xx15558','15558','','','','ff',''),(19,'Obj416','416','SU','','73775','','','',''),(20,'a94222','end','0.7642448179090813','','235235','','','',''),(21,'a99455','end','0.6800233206525662','1235',NULL,NULL,NULL,NULL,''),(22,'a41646','end','0.04224000781983138','1235',NULL,NULL,NULL,NULL,''),(23,'a96181','end','0.6823505393065051','1235',NULL,NULL,NULL,NULL,''),(24,'a52631','end','0.5845004530479204','1235',NULL,NULL,NULL,NULL,''),(25,'a34357','end','0.9643540307547469','1235',NULL,NULL,NULL,NULL,''),(26,'a79106','end','0.06222278351171202','1235',NULL,NULL,NULL,NULL,''),(27,'a3108','end','0.4733579396022092','1235',NULL,NULL,NULL,NULL,''),(28,'a27355','end','0.9476870074381','1235',NULL,NULL,NULL,NULL,''),(29,'a91778','end','0.7458319615068212','1235',NULL,NULL,NULL,NULL,''),(30,'a97582','end','0.6416244782895077','1235',NULL,NULL,NULL,NULL,''),(31,'a28065','end','0.478377710542062','1235',NULL,NULL,NULL,NULL,''),(32,'a54994','end','0.3145564722964135','1235',NULL,NULL,NULL,NULL,''),(33,'a92297','end','0.6711738553561026','1235',NULL,NULL,NULL,NULL,''),(34,'a58696','end','0.9212952777010345','1235',NULL,NULL,NULL,NULL,''),(35,'a84559','end','0.4640458547175358','1235',NULL,NULL,NULL,NULL,''),(36,'a78347','end','0.5252140169266742','1235',NULL,NULL,NULL,NULL,''),(37,'a27566','end','0.8026539057517926','1235',NULL,NULL,NULL,NULL,''),(38,'a18629','end','0.5234983335467971','1235',NULL,NULL,NULL,NULL,''),(39,'a5862','end','0.7225834622258166','1235',NULL,NULL,NULL,NULL,''),(40,'a43707','end','0.01760105697214702','1235',NULL,NULL,NULL,NULL,''),(41,'a77679','end','0.8311691990412485','1235',NULL,NULL,NULL,NULL,''),(42,'a82546','end','0.6338055456372029','1235',NULL,NULL,NULL,NULL,''),(43,'a69264','end','0.5617828523384247','1235',NULL,NULL,NULL,NULL,''),(44,'a73099','end','0.9696245602980484','1235',NULL,NULL,NULL,NULL,''),(45,'a65514','end','0.36682125121990333','1235',NULL,NULL,NULL,NULL,''),(46,'a86869','end','0.2429830070985323','1235',NULL,NULL,NULL,NULL,''),(47,'a60885','end','0.31528615049578823','1235',NULL,NULL,NULL,NULL,''),(48,'a74989','end','0.8035900721359905','1235',NULL,NULL,NULL,NULL,''),(49,'a76828','end','0.4306362927245314','1235',NULL,NULL,NULL,NULL,''),(50,'a84834','end','0.9497791891449868','1235',NULL,NULL,NULL,NULL,''),(51,'a20388','end','0.17007823583677248','1235',NULL,NULL,NULL,NULL,''),(52,'a23874','end','0.6834740551966001','1235',NULL,NULL,NULL,NULL,''),(53,'a70115','end','0.45530320280725434','1235',NULL,NULL,NULL,NULL,''),(54,'a17308','end','0.4994946331712367','1235',NULL,NULL,NULL,NULL,''),(55,'a97823','end','0.3926694815910137','1235',NULL,NULL,NULL,NULL,''),(56,'a2866','end','0.9652687282909348','1235',NULL,NULL,NULL,NULL,''),(57,'a74038','end','0.8060807798114427','1235',NULL,NULL,NULL,NULL,''),(58,'a80927','end','0.6281165384018016','1235',NULL,NULL,NULL,NULL,''),(59,'a71277','end','0.6794874879340524','1235',NULL,NULL,NULL,NULL,''),(60,'a25914','end','0.25721370173358704','1235',NULL,NULL,NULL,NULL,''),(61,'a50866','end','0.7716732181344863','1235',NULL,NULL,NULL,NULL,''),(62,'a33238','end','0.3468681055557617','1235',NULL,NULL,NULL,NULL,''),(63,'a73721','end','0.6454353189519004','1235',NULL,NULL,NULL,NULL,''),(64,'a1555','end','0.14145838668705746','1235',NULL,NULL,NULL,NULL,''),(65,'a66063','end','0.8787917530897928','1235',NULL,NULL,NULL,NULL,''),(66,'a41206','end','0.423918105125351','1235',NULL,NULL,NULL,NULL,''),(67,'a88341','end','0.1453184961763383','1235',NULL,NULL,NULL,NULL,''),(68,'a7635','end','0.9457887578250735','1235',NULL,NULL,NULL,NULL,''),(69,'a49990','end','0.662120209692158','1235',NULL,NULL,NULL,NULL,''),(70,'a81091','end','0.06818544032814487','1235',NULL,NULL,NULL,NULL,''),(71,'a90820','end','0.3364417556081356','1235',NULL,NULL,NULL,NULL,''),(72,'a95761','end','0.7787246702040775','1235',NULL,NULL,NULL,NULL,''),(73,'a2079','end','0.7677932100070577','1235',NULL,NULL,NULL,NULL,''),(74,'a77659','end','0.5795492349002037','1235',NULL,NULL,NULL,NULL,''),(75,'a56799','end','0.10129684964315673','1235',NULL,NULL,NULL,NULL,''),(76,'a80252','end','0.7086973057209489','1235',NULL,NULL,NULL,NULL,''),(77,'a13593','end','0.5535774385124235','1235',NULL,NULL,NULL,NULL,''),(78,'a36009','end','0.13969585685031102','1235',NULL,NULL,NULL,NULL,''),(79,'a61822','end','0.6720246101469031','1235',NULL,NULL,NULL,NULL,''),(80,'a50546','end','0.511205157741164','1235',NULL,NULL,NULL,NULL,''),(81,'a3966','end','0.6646767823627934','1235',NULL,NULL,NULL,NULL,''),(82,'a20441','end','0.028012721825402903','1235',NULL,NULL,NULL,NULL,''),(83,'a52684','end','0.5501509500203198','1235',NULL,NULL,NULL,NULL,''),(84,'a17024','end','0.20075383056025378','1235',NULL,NULL,NULL,NULL,''),(85,'a49305','end','0.862964507064749','1235',NULL,NULL,NULL,NULL,''),(86,'a83569','end','0.5895414357907525','1235',NULL,NULL,NULL,NULL,''),(87,'a44065','end','0.4346069930443605','1235',NULL,NULL,NULL,NULL,''),(88,'a85110','end','0.9516602223288829','1235',NULL,NULL,NULL,NULL,''),(89,'a20501','end','0.17008156345233466','1235',NULL,NULL,NULL,NULL,''),(90,'a23537','end','0.6666079812372178','1235',NULL,NULL,NULL,NULL,''),(91,'a62693','end','0.13481784903893046','1235',NULL,NULL,NULL,NULL,''),(92,'a79330','end','0.562067577207524','1235',NULL,NULL,NULL,NULL,''),(93,'a43043','end','0.4659236021953855','1235',NULL,NULL,NULL,NULL,''),(94,'a3834','end','0.7939405234474135','1235',NULL,NULL,NULL,NULL,''),(95,'a85468','end','0.8915578023451919','1235',NULL,NULL,NULL,NULL,''),(96,'a89376','end','0.7941338101347292','1235',NULL,NULL,NULL,NULL,''),(97,'a28938','end','0.06452244805593271','1235',NULL,NULL,NULL,NULL,''),(98,'a45446','end','0.07872249845296377','1235',NULL,NULL,NULL,NULL,''),(99,'a3024','end','0.9150257147057221','1235',NULL,NULL,NULL,NULL,''),(100,'a48441','end','0.6769863699348516','1235',NULL,NULL,NULL,NULL,''),(101,'a93169','end','0.6275098730134869','1235',NULL,NULL,NULL,NULL,''),(102,'a34247','end','0.8298105344453924','1235',NULL,NULL,NULL,NULL,''),(103,'a12165','end','0.11881157394387906','1235',NULL,NULL,NULL,NULL,''),(104,'a22911','end','0.7891253715279748','1235',NULL,NULL,NULL,NULL,''),(105,'a25829','end','0.9240781701394154','1235',NULL,NULL,NULL,NULL,''),(106,'a84552','end','0.455357165499923','1235',NULL,NULL,NULL,NULL,''),(107,'a74023','end','0.3350828898466033','1235',NULL,NULL,NULL,NULL,''),(108,'a45472','end','0.2683606941889605','1235',NULL,NULL,NULL,NULL,''),(109,'a97764','end','0.08310745757362568','1235',NULL,NULL,NULL,NULL,''),(110,'a48262','end','0.16379572280104804','1235',NULL,NULL,NULL,NULL,''),(111,'a37111','end','0.3641518916600867','1235',NULL,NULL,NULL,NULL,''),(112,'a70744','end','0.44472471293502','1235',NULL,NULL,NULL,NULL,''),(113,'a10132','end','0.17240279742740355','1235',NULL,NULL,NULL,NULL,''),(114,'a55807','end','0.27313101130829287','1235',NULL,NULL,NULL,NULL,''),(115,'a69145','end','0.6378643146137375','1235',NULL,NULL,NULL,NULL,''),(116,'a11497','end','0.6612431524891809','1235',NULL,NULL,NULL,NULL,''),(117,'a96131','end','0.8228413423736033','1235',NULL,NULL,NULL,NULL,''),(118,'a23026','end','0.6827974092986411','1235',NULL,NULL,NULL,NULL,''),(119,'a72319','end','0.567578971914555','1235',NULL,NULL,NULL,NULL,''),(120,'a66831','end','0.6388240592915789','1235',NULL,NULL,NULL,NULL,''),(121,'a18918','end','0.029446655911809446','1235',NULL,NULL,NULL,NULL,''),(122,'a57968','end','0.8100702053029744','1235',NULL,NULL,NULL,NULL,''),(123,'a31130','end','0.12631427415303353','1235',NULL,NULL,NULL,NULL,''),(124,'a69766','end','0.10933963778367232','1235',NULL,NULL,NULL,NULL,''),(125,'a45373','end','0.9406249271152773','1235',NULL,NULL,NULL,NULL,''),(126,'a34194','end','0.8878171517400231','1235',NULL,NULL,NULL,NULL,''),(127,'b41327','end','0.4029018156257475','1235',NULL,NULL,NULL,NULL,''),(128,'b77470','end','0.6647804078317996','1235',NULL,NULL,NULL,NULL,''),(129,'b99981','end','0.004711684775270228','1235',NULL,NULL,NULL,NULL,''),(130,'b2413','end','0.10649861684674268','1235',NULL,NULL,NULL,NULL,''),(131,'b46011','end','0.9810688337134839','1235',NULL,NULL,NULL,NULL,''),(132,'b52501','end','0.6818205655383137','1235',NULL,NULL,NULL,NULL,''),(133,'b83409','end','0.12497151840941191','1235',NULL,NULL,NULL,NULL,''),(134,'b12260','end','0.23807403653680723','1235',NULL,NULL,NULL,NULL,''),(135,'b82258','end','0.3986633051174351','1235',NULL,NULL,NULL,NULL,''),(136,'b52559','end','0.4319367450028069','1235',NULL,NULL,NULL,NULL,''),(137,'b58293','end','0.6188286855992197','1235',NULL,NULL,NULL,NULL,''),(138,'b34536','end','0.8703145979627172','1235',NULL,NULL,NULL,NULL,''),(139,'b31549','end','0.9665194675014536','1235',NULL,NULL,NULL,NULL,''),(140,'b88612','end','0.5310387774659682','1235',NULL,NULL,NULL,NULL,''),(141,'b99684','end','0.3910618409431184','1235',NULL,NULL,NULL,NULL,''),(142,'b96480','end','0.650826257328341','1235',NULL,NULL,NULL,NULL,''),(143,'b35972','end','0.8461425973532187','1235',NULL,NULL,NULL,NULL,''),(144,'b15154','end','0.2192733103588906','1235',NULL,NULL,NULL,NULL,''),(145,'b64175','end','0.5509097972427586','1235',NULL,NULL,NULL,NULL,''),(146,'b82931','end','0.49382663098520285','1235',NULL,NULL,NULL,NULL,''),(147,'b98120','end','0.4245180901368317','1235',NULL,NULL,NULL,NULL,''),(148,'b17899','end','0.6214043103357817','1235',NULL,NULL,NULL,NULL,''),(149,'b57005','end','0.9860193617511721','1235',NULL,NULL,NULL,NULL,''),(150,'b21996','end','0.14172935685303933','1235',NULL,NULL,NULL,NULL,''),(151,'b4877','end','0.8186838010500034','1235',NULL,NULL,NULL,NULL,''),(152,'b94710','end','0.27942828487551613','1235',NULL,NULL,NULL,NULL,''),(153,'b55585','end','0.9409834797875802','1235',NULL,NULL,NULL,NULL,''),(154,'b3736','end','0.3638318286871834','1235',NULL,NULL,NULL,NULL,''),(155,'b70709','end','0.44395370357106784','1235',NULL,NULL,NULL,NULL,''),(156,'b9850','end','0.16063418626844342','1235',NULL,NULL,NULL,NULL,''),(157,'b50767','end','0.056466483563619184','1235',NULL,NULL,NULL,NULL,''),(158,'b75931','end','0.6271557878955787','1235',NULL,NULL,NULL,NULL,''),(159,'b85785','end','0.4077618945462274','1235',NULL,NULL,NULL,NULL,''),(160,'b46527','end','0.10307418192091787','1235',NULL,NULL,NULL,NULL,''),(161,'b11956','end','0.28855268218419766','1235',NULL,NULL,NULL,NULL,''),(162,'b8410','end','0.5548336008142993','1235',NULL,NULL,NULL,NULL,''),(163,'b52187','end','0.9448645524167125','1235',NULL,NULL,NULL,NULL,''),(164,'b15870','end','0.95892436519165','1235',NULL,NULL,NULL,NULL,''),(165,'b31851','end','0.7157822434937416','1235',NULL,NULL,NULL,NULL,''),(166,'b62338','end','0.9695436162590455','1235',NULL,NULL,NULL,NULL,''),(167,'b97758','end','0.9792887940809958','1235',NULL,NULL,NULL,NULL,''),(168,'b96369','end','0.8805948178103146','1235',NULL,NULL,NULL,NULL,''),(169,'b51190','end','0.9177026682698193','1235',NULL,NULL,NULL,NULL,''),(170,'b5282','end','0.5109976134365403','1235',NULL,NULL,NULL,NULL,''),(171,'b39652','end','0.4496309174686958','1235',NULL,NULL,NULL,NULL,''),(172,'b5858','end','0.9440091875791635','1235',NULL,NULL,NULL,NULL,''),(173,'b54430','end','0.8894965833886495','1235',NULL,NULL,NULL,NULL,''),(174,'b81457','end','0.4043526727746731','1235',NULL,NULL,NULL,NULL,''),(175,'b57806','end','0.6772318088237492','1235',NULL,NULL,NULL,NULL,''),(176,'b65199','end','0.22823058928198237','1235',NULL,NULL,NULL,NULL,''),(177,'b18520','end','0.24129519354672654','1235',NULL,NULL,NULL,NULL,''),(178,'b65088','end','0.5305336504527681','1235',NULL,NULL,NULL,NULL,''),(179,'b70002','end','0.90848289328486','1235',NULL,NULL,NULL,NULL,''),(180,'b44236','end','0.4863723949402314','1235',NULL,NULL,NULL,NULL,''),(181,'b10477','end','0.0647297409034611','1235',NULL,NULL,NULL,NULL,''),(182,'b934','end','0.8525137993064837','1235',NULL,NULL,NULL,NULL,''),(183,'b23455','end','0.6151947952948462','1235',NULL,NULL,NULL,NULL,''),(184,'b37233','end','0.01607719344652928','1235',NULL,NULL,NULL,NULL,''),(185,'b96339','end','0.7687137944332453','1235',NULL,NULL,NULL,NULL,''),(186,'b95340','end','0.46086762981570106','1235',NULL,NULL,NULL,NULL,''),(187,'b44413','end','0.8380610932019177','1235',NULL,NULL,NULL,NULL,''),(188,'b85791','end','0.7753523790979314','1235',NULL,NULL,NULL,NULL,''),(189,'b30304','end','0.18914564064624315','1235',NULL,NULL,NULL,NULL,''),(190,'b3661','end','0.6155960370000415','1235',NULL,NULL,NULL,NULL,''),(191,'b96816','end','0.9940142137874051','1235',NULL,NULL,NULL,NULL,''),(192,'b6559','end','0.3459060055631269','1235',NULL,NULL,NULL,NULL,''),(193,'b53276','end','0.6260864582155705','1235',NULL,NULL,NULL,NULL,''),(194,'b53215','end','0.7824889326305026','1235',NULL,NULL,NULL,NULL,''),(195,'b31600','end','0.23251187264221895','1235',NULL,NULL,NULL,NULL,''),(196,'b21457','end','0.3753254631304419','1235',NULL,NULL,NULL,NULL,''),(197,'b23291','end','0.03857722230123097','1235',NULL,NULL,NULL,NULL,''),(198,'b49415','end','0.3550383321522161','1235',NULL,NULL,NULL,NULL,''),(199,'b29273','end','0.39853358678383155','1235',NULL,NULL,NULL,NULL,''),(200,'b11448','end','0.3767934361256598','1235',NULL,NULL,NULL,NULL,''),(201,'b54053','end','0.5722732819358569','1235',NULL,NULL,NULL,NULL,''),(202,'b23977','end','0.4820517082531487','1235',NULL,NULL,NULL,NULL,''),(203,'b69094','end','0.008523195989917215','1235',NULL,NULL,NULL,NULL,''),(204,'b96981','end','0.8234756261328939','1235',NULL,NULL,NULL,NULL,''),(205,'b20795','end','0.5693284092185352','1235',NULL,NULL,NULL,NULL,''),(206,'b22279','end','0.40595941655892825','1235',NULL,NULL,NULL,NULL,''),(207,'b36143','end','0.5892735082556246','1235',NULL,NULL,NULL,NULL,''),(208,'b86208','end','0.5425621844293197','1235',NULL,NULL,NULL,NULL,''),(209,'b12658','end','0.005220206459257944','1235',NULL,NULL,NULL,NULL,''),(210,'b64636','end','0.21612453946482812','1235',NULL,NULL,NULL,NULL,''),(211,'b14155','end','0.05938466830121788','1235',NULL,NULL,NULL,NULL,''),(212,'b87227','end','0.18318811914249147','1235',NULL,NULL,NULL,NULL,''),(213,'b29914','end','0.9461125255991821','1235',NULL,NULL,NULL,NULL,''),(214,'b83316','end','0.3274451907048423','1235',NULL,NULL,NULL,NULL,''),(215,'b13776','end','0.7064461696021689','1235',NULL,NULL,NULL,NULL,''),(216,'b11896','end','0.4754707827004332','1235',NULL,NULL,NULL,NULL,''),(217,'b2047','end','0.6759296214915157','1235',NULL,NULL,NULL,NULL,''),(218,'b31824','end','0.5634260406377036','1235',NULL,NULL,NULL,NULL,''),(219,'b86240','end','0.6217284552955333','1235',NULL,NULL,NULL,NULL,''),(220,'b52144','end','0.742006561478606','1235',NULL,NULL,NULL,NULL,''),(221,'b14572','end','0.5025688470365189','1235',NULL,NULL,NULL,NULL,''),(222,'b7569','end','0.8707493169892108','1235',NULL,NULL,NULL,NULL,''),(223,'b12667','end','0.02111767606913827','1235',NULL,NULL,NULL,NULL,''),(224,'b72557','end','0.5644922690135354','1235',NULL,NULL,NULL,NULL,''),(225,'b64575','end','0.5352943032377346','1235',NULL,NULL,NULL,NULL,''),(226,'b73921','end','0.09016161699794384','1235',NULL,NULL,NULL,NULL,''),(227,'b23318','end','0.8954222704241259','1235',NULL,NULL,NULL,NULL,''),(228,'b77757','end','0.2015688616797038','1235',NULL,NULL,NULL,NULL,''),(229,'b67514','end','0.7710082147000434','1235',NULL,NULL,NULL,NULL,''),(230,'b82961','end','0.8350366007862954','1235',NULL,NULL,NULL,NULL,''),(231,'b68635','end','0.9266217592420259','1235',NULL,NULL,NULL,NULL,''),(232,'b57407','end','0.0904842951246391','1235',NULL,NULL,NULL,NULL,''),(233,'b73021','end','0.37960605079271464','1235',NULL,NULL,NULL,NULL,''),(234,'b70739','end','0.39815658554263095','1235',NULL,NULL,NULL,NULL,''),(235,'b86860','end','0.1485209447783613','1235',NULL,NULL,NULL,NULL,''),(236,'b13681','end','0.2384889575079912','1235',NULL,NULL,NULL,NULL,''),(237,'b78201','end','0.1946019662493858','1235',NULL,NULL,NULL,NULL,''),(238,'b62697','end','0.5510370177692148','1235',NULL,NULL,NULL,NULL,''),(239,'b87428','end','0.7182859179734121','1235',NULL,NULL,NULL,NULL,''),(240,'b96859','end','0.6880995581747028','1235',NULL,NULL,NULL,NULL,''),(241,'b53472','end','0.6093186201614501','1235',NULL,NULL,NULL,NULL,''),(242,'b44242','end','0.38415803609803134','1235',NULL,NULL,NULL,NULL,''),(243,'b59352','end','0.8151353810123497','1235',NULL,NULL,NULL,NULL,''),(244,'b29511','end','0.030150190955167813','1235',NULL,NULL,NULL,NULL,''),(245,'b26542','end','0.2366354756398457','1235',NULL,NULL,NULL,NULL,''),(246,'b38693','end','0.22472259516336265','1235',NULL,NULL,NULL,NULL,''),(247,'b96284','end','0.14001030394808417','1235',NULL,NULL,NULL,NULL,''),(248,'b81154','end','0.6376926951461404','1235',NULL,NULL,NULL,NULL,''),(249,'b75383','end','0.8560687488467141','1235',NULL,NULL,NULL,NULL,''),(250,'b1886','end','0.5260722483751106','1235',NULL,NULL,NULL,NULL,''),(251,'b57379','end','0.2907542561094782','1235',NULL,NULL,NULL,NULL,''),(252,'b73239','end','0.7896809073068956','1235',NULL,NULL,NULL,NULL,''),(253,'b75124','end','0.3871492104485158','1235',NULL,NULL,NULL,NULL,''),(254,'b68203','end','0.24870710936254553','1235',NULL,NULL,NULL,NULL,''),(255,'b19744','end','0.24109246045452773','1235',NULL,NULL,NULL,NULL,''),(256,'b61313','end','0.3423930409759218','1235',NULL,NULL,NULL,NULL,''),(257,'b87256','end','0.33563591105457014','1235',NULL,NULL,NULL,NULL,''),(258,'b6049','end','0.29554521785634125','1235',NULL,NULL,NULL,NULL,''),(259,'b29625','end','0.5946362163821572','1235',NULL,NULL,NULL,NULL,''),(260,'b8442','end','0.6381814271567217','1235',NULL,NULL,NULL,NULL,''),(261,'b93765','end','0.7737214451411007','1235',NULL,NULL,NULL,NULL,''),(262,'b5565','end','0.9570748898732242','1235',NULL,NULL,NULL,NULL,''),(263,'b61843','end','0.22093017792415823','1235',NULL,NULL,NULL,NULL,''),(264,'b24936','end','0.5839996483027932','1235',NULL,NULL,NULL,NULL,''),(265,'b17192','end','0.1076219930384513','1235',NULL,NULL,NULL,NULL,''),(266,'b2234','end','0.7888213096082409','1235',NULL,NULL,NULL,NULL,''),(267,'b87709','end','0.019007221813320388','1235',NULL,NULL,NULL,NULL,''),(268,'b46375','end','0.2617457045817242','1235',NULL,NULL,NULL,NULL,''),(269,'b91747','end','0.8021036673356813','1235',NULL,NULL,NULL,NULL,''),(270,'b25811','end','0.8842586147452319','1235',NULL,NULL,NULL,NULL,''),(271,'b64695','end','0.5819809507410796','1235',NULL,NULL,NULL,NULL,''),(272,'b96905','end','0.09931080797622988','1235',NULL,NULL,NULL,NULL,''),(273,'b58940','end','0.6490770714814561','1235',NULL,NULL,NULL,NULL,''),(274,'b47718','end','0.4386673629644023','1235',NULL,NULL,NULL,NULL,''),(275,'b76180','end','0.4929865295933434','1235',NULL,NULL,NULL,NULL,''),(276,'b17954','end','0.41873807219670905','1235',NULL,NULL,NULL,NULL,''),(277,'b55507','end','0.5191448820001864','1235',NULL,NULL,NULL,NULL,''),(278,'b93051','end','0.09511038483596443','1235',NULL,NULL,NULL,NULL,''),(279,'b68402','end','0.1347936504844517','1235',NULL,NULL,NULL,NULL,''),(280,'b62189','end','0.7050861722837074','1235',NULL,NULL,NULL,NULL,''),(281,'b65975','end','0.18349469563317922','1235',NULL,NULL,NULL,NULL,''),(282,'b93822','end','0.14062394307984408','1235',NULL,NULL,NULL,NULL,''),(283,'b88845','end','0.020402934421229115','1235',NULL,NULL,NULL,NULL,''),(284,'b43665','end','0.12204054288756153','1235',NULL,NULL,NULL,NULL,''),(285,'b30025','end','0.13514418167541192','1235',NULL,NULL,NULL,NULL,''),(286,'b77496','end','0.4693748424475778','1235',NULL,NULL,NULL,NULL,''),(287,'b2199','end','0.7018246480280763','1235',NULL,NULL,NULL,NULL,''),(288,'b44315','end','0.11029500710805414','1235',NULL,NULL,NULL,NULL,''),(289,'b22201','end','0.7791835794031468','1235',NULL,NULL,NULL,NULL,''),(290,'b22988','end','0.8118332212901053','1235',NULL,NULL,NULL,NULL,''),(291,'b36954','end','0.4121792664864839','1235',NULL,NULL,NULL,NULL,''),(292,'b95229','end','0.5249073482350515','1235',NULL,NULL,NULL,NULL,''),(293,'b76767','end','0.26362649469042804','1235',NULL,NULL,NULL,NULL,''),(294,'b1512','end','0.284737541605474','1235',NULL,NULL,NULL,NULL,''),(295,'b37832','end','0.03737511489295877','1235',NULL,NULL,NULL,NULL,''),(296,'b5192','end','0.14748958511975555','1235',NULL,NULL,NULL,NULL,''),(297,'b58168','end','0.46592635984153147','1235',NULL,NULL,NULL,NULL,''),(298,'b58459','end','0.5251948475141031','1235',NULL,NULL,NULL,NULL,''),(299,'b87219','end','0.785365140796979','1235',NULL,NULL,NULL,NULL,''),(300,'b31026','end','0.19518432411848038','1235',NULL,NULL,NULL,NULL,''),(301,'b4515','end','0.6402161676811204','1235',NULL,NULL,NULL,NULL,''),(302,'c6562','end','0.40744854547777076','1235',NULL,NULL,NULL,NULL,''),(303,'c84038','end','0.9795771315503653','1235',NULL,NULL,NULL,NULL,''),(304,'c37673','end','0.9449288667598077','1235',NULL,NULL,NULL,NULL,''),(305,'c59445','end','0.13745456108586357','1235',NULL,NULL,NULL,NULL,''),(306,'c90393','end','0.10727713639594348','1235',NULL,NULL,NULL,NULL,''),(307,'c82460','end','0.8011748183529589','1235',NULL,NULL,NULL,NULL,''),(308,'c53207','end','0.25682759774553365','1235',NULL,NULL,NULL,NULL,''),(309,'c68793','end','0.6691512685913139','1235',NULL,NULL,NULL,NULL,''),(310,'c28198','end','0.4024260001279656','1235',NULL,NULL,NULL,NULL,''),(311,'c16620','end','0.6237328617123261','1235',NULL,NULL,NULL,NULL,''),(312,'c62006','end','0.22909064798531184','1235',NULL,NULL,NULL,NULL,''),(313,'c28528','end','0.7391268329127941','1235',NULL,NULL,NULL,NULL,''),(314,'c83979','end','0.9815942700780875','1235',NULL,NULL,NULL,NULL,''),(315,'c38859','end','0.9981499118713195','1235',NULL,NULL,NULL,NULL,''),(316,'c82499','end','0.13050017145508916','1235',NULL,NULL,NULL,NULL,''),(317,'c17753','end','0.496154327407623','1235',NULL,NULL,NULL,NULL,''),(318,'c94818','end','0.25243095425183976','1235',NULL,NULL,NULL,NULL,''),(319,'c41762','end','0.3307994607191528','1235',NULL,NULL,NULL,NULL,''),(320,'c40114','end','0.01331144200015016','1235',NULL,NULL,NULL,NULL,''),(321,'c86313','end','0.2757225281332829','1235',NULL,NULL,NULL,NULL,''),(322,'c78922','end','0.11892533313382914','1235',NULL,NULL,NULL,NULL,''),(323,'c22697','end','0.7780788529460121','1235',NULL,NULL,NULL,NULL,''),(324,'c20948','end','0.7131704843725735','1235',NULL,NULL,NULL,NULL,''),(325,'c93741','end','0.5475298031675907','1235',NULL,NULL,NULL,NULL,''),(326,'c92542','end','0.9845321774338671','1235',NULL,NULL,NULL,NULL,''),(327,'c14639','end','0.778343419337965','1235',NULL,NULL,NULL,NULL,''),(328,'c45255','end','0.9277356471193355','1235',NULL,NULL,NULL,NULL,''),(329,'c28102','end','0.6218867978284944','1235',NULL,NULL,NULL,NULL,''),(330,'c26638','end','0.46622861127017867','1235',NULL,NULL,NULL,NULL,''),(331,'c53201','end','0.2613627102797504','1235',NULL,NULL,NULL,NULL,''),(332,'c71078','end','0.7698342704864538','1235',NULL,NULL,NULL,NULL,''),(333,'c71682','end','0.2745870233276738','1235',NULL,NULL,NULL,NULL,''),(334,'c22248','end','0.28864528545052304','1235',NULL,NULL,NULL,NULL,''),(335,'c77578','end','0.012977490213678675','1235',NULL,NULL,NULL,NULL,''),(336,'c73754','end','0.6487650216079922','1235',NULL,NULL,NULL,NULL,''),(337,'c3121','end','0.20973827523154978','1235',NULL,NULL,NULL,NULL,''),(338,'c95507','end','0.14614231153032026','1235',NULL,NULL,NULL,NULL,''),(339,'c86550','end','0.8890597185949419','1235',NULL,NULL,NULL,NULL,''),(340,'c84881','end','0.5768541261338201','1235',NULL,NULL,NULL,NULL,''),(341,'c33785','end','0.9586912057909102','1235',NULL,NULL,NULL,NULL,''),(342,'c77990','end','0.023446051425715958','1235',NULL,NULL,NULL,NULL,''),(343,'c77752','end','0.8172544015732169','1235',NULL,NULL,NULL,NULL,''),(344,'c75372','end','0.3168194436624827','1235',NULL,NULL,NULL,NULL,''),(345,'c32295','end','0.6642800920310244','1235',NULL,NULL,NULL,NULL,''),(346,'c35256','end','0.7699470322299256','1235',NULL,NULL,NULL,NULL,''),(347,'c79206','end','0.6504730606921698','1235',NULL,NULL,NULL,NULL,''),(348,'c87618','end','0.4294651396847005','1235',NULL,NULL,NULL,NULL,''),(349,'c51880','end','0.3055803843825873','1235',NULL,NULL,NULL,NULL,''),(350,'c97152','end','0.9408413227096585','1235',NULL,NULL,NULL,NULL,''),(351,'c78966','end','0.12576194864303056','1235',NULL,NULL,NULL,NULL,''),(352,'c25984','end','0.921905396433459','1235',NULL,NULL,NULL,NULL,''),(353,'c83001','end','0.3843452710512516','1235',NULL,NULL,NULL,NULL,''),(354,'c43169','end','0.00541185867545368','1235',NULL,NULL,NULL,NULL,''),(355,'c73199','end','0.6437181519751606','1235',NULL,NULL,NULL,NULL,''),(356,'c2262','end','0.18193843605177332','1235',NULL,NULL,NULL,NULL,''),(357,'c84184','end','0.6633671938100524','1235',NULL,NULL,NULL,NULL,''),(358,'c79133','end','0.9665310345278411','1235',NULL,NULL,NULL,NULL,''),(359,'c45868','end','0.3937851883413132','1235',NULL,NULL,NULL,NULL,''),(360,'c59290','end','0.7831395443371866','1235',NULL,NULL,NULL,NULL,''),(361,'c13700','end','0.3355849239375302','1235',NULL,NULL,NULL,NULL,''),(362,'c26692','end','0.3278579323811996','1235',NULL,NULL,NULL,NULL,''),(363,'c83852','end','0.20903667640782583','1235',NULL,NULL,NULL,NULL,''),(364,'c52962','end','0.020975736920699234','1235',NULL,NULL,NULL,NULL,''),(365,'c51603','end','0.5172091904256578','1235',NULL,NULL,NULL,NULL,''),(366,'c3796','end','0.6381932624040109','1235',NULL,NULL,NULL,NULL,''),(367,'c7707','end','0.47078954844809096','1235',NULL,NULL,NULL,NULL,''),(368,'c12273','end','0.20126233548043512','1235',NULL,NULL,NULL,NULL,''),(369,'c63813','end','0.5868787146982538','1235',NULL,NULL,NULL,NULL,''),(370,'c1999','end','0.33933483654571217','1235',NULL,NULL,NULL,NULL,''),(371,'c63669','end','0.1654537386870512','1235',NULL,NULL,NULL,NULL,''),(372,'d91719','end','0.08960778274536858','1235',NULL,NULL,NULL,NULL,''),(373,'d69646','end','0.21346450058134692','1235',NULL,NULL,NULL,NULL,''),(374,'d97795','end','0.24935574294007917','1235',NULL,NULL,NULL,NULL,''),(375,'d31293','end','0.8165788872321871','1235',NULL,NULL,NULL,NULL,''),(376,'d14411','end','0.27079744755364715','1235',NULL,NULL,NULL,NULL,''),(377,'d92167','end','0.7959417950324172','1235',NULL,NULL,NULL,NULL,''),(378,'d21471','end','0.6857173542359074','1235',NULL,NULL,NULL,NULL,''),(379,'d78446','end','0.865153851793291','1235',NULL,NULL,NULL,NULL,''),(380,'d97239','end','0.26646727255216546','1235',NULL,NULL,NULL,NULL,''),(381,'d41518','end','0.2764937889543304','1235',NULL,NULL,NULL,NULL,''),(382,'d13693','end','0.8551768137655936','1235',NULL,NULL,NULL,NULL,''),(383,'d86509','end','0.7599156375601102','1235',NULL,NULL,NULL,NULL,''),(384,'d20431','end','0.741806066354556','1235',NULL,NULL,NULL,NULL,''),(385,'d9610','end','0.25507479929837845','1235',NULL,NULL,NULL,NULL,''),(386,'d98708','end','0.17016686608099088','1235',NULL,NULL,NULL,NULL,''),(387,'d88960','end','0.9374975384562253','1235',NULL,NULL,NULL,NULL,''),(388,'d1869','end','0.28095171254216855','1235',NULL,NULL,NULL,NULL,''),(389,'d34869','end','0.9006049687979789','1235',NULL,NULL,NULL,NULL,''),(390,'d45695','end','0.5829292708848876','1235',NULL,NULL,NULL,NULL,''),(391,'d54380','end','0.9702117042338585','1235',NULL,NULL,NULL,NULL,''),(392,'d21966','end','0.18765921908212754','1235',NULL,NULL,NULL,NULL,''),(393,'d27932','end','0.8336201010585018','1235',NULL,NULL,NULL,NULL,''),(394,'d33014','end','0.1498492249751922','1235',NULL,NULL,NULL,NULL,''),(395,'d75882','end','0.3445546416049401','1235',NULL,NULL,NULL,NULL,''),(396,'d44631','end','0.19789544231993653','1235',NULL,NULL,NULL,NULL,''),(397,'d65054','end','0.6590219062371383','1235',NULL,NULL,NULL,NULL,''),(398,'d34348','end','0.7403575142290048','1235',NULL,NULL,NULL,NULL,''),(399,'d67133','end','0.13559589081965004','1235',NULL,NULL,NULL,NULL,''),(400,'d66398','end','0.9131045741151129','1235',NULL,NULL,NULL,NULL,''),(401,'d57359','end','0.12862416741310076','1235',NULL,NULL,NULL,NULL,''),(402,'d92236','end','0.22591829041570266','1235',NULL,NULL,NULL,NULL,''),(403,'d36252','end','0.13483028778324863','1235',NULL,NULL,NULL,NULL,''),(404,'d58660','end','0.5285111307432048','1235',NULL,NULL,NULL,NULL,''),(405,'d88275','end','0.8282391706744574','1235',NULL,NULL,NULL,NULL,''),(406,'d49293','end','0.9799443427286524','1235',NULL,NULL,NULL,NULL,''),(407,'d42092','end','0.16479025237708375','1235',NULL,NULL,NULL,NULL,''),(408,'d56118','end','0.31151598720952495','1235',NULL,NULL,NULL,NULL,''),(409,'d87405','end','0.4356917621900251','1235',NULL,NULL,NULL,NULL,''),(410,'d55632','end','0.4744998733275569','1235',NULL,NULL,NULL,NULL,''),(411,'d70355','end','0.09427201011615993','1235',NULL,NULL,NULL,NULL,''),(412,'d36070','end','0.5206696088618316','1235',NULL,NULL,NULL,NULL,''),(413,'d52126','end','0.044274753932165685','1235',NULL,NULL,NULL,NULL,''),(414,'d65760','end','0.15519412155746867','1235',NULL,NULL,NULL,NULL,''),(415,'d80316','end','0.5502158008052184','1235',NULL,NULL,NULL,NULL,''),(416,'d34160','end','0.05735339788473528','1235',NULL,NULL,NULL,NULL,''),(417,'d26197','end','0.13777262916581018','1235',NULL,NULL,NULL,NULL,''),(418,'d90296','end','0.10149964979058099','1235',NULL,NULL,NULL,NULL,''),(419,'d79861','end','0.688539960131552','1235',NULL,NULL,NULL,NULL,''),(420,'d4688','end','0.16876267098706466','1235',NULL,NULL,NULL,NULL,''),(421,'d70318','end','0.00963138417306485','1235',NULL,NULL,NULL,NULL,''),(422,'d93861','end','0.6641325370074553','1235',NULL,NULL,NULL,NULL,''),(423,'d50485','end','0.5318360221868716','1235',NULL,NULL,NULL,NULL,''),(424,'d14464','end','0.1276918650862685','1235',NULL,NULL,NULL,NULL,''),(425,'d20454','end','0.6396215135600618','1235',NULL,NULL,NULL,NULL,''),(426,'d58449','end','0.0035822484675629516','1235',NULL,NULL,NULL,NULL,''),(427,'d26444','end','0.3114693754459446','1235',NULL,NULL,NULL,NULL,''),(428,'d76402','end','0.8856781738676859','1235',NULL,NULL,NULL,NULL,''),(429,'d13634','end','0.02466120107533522','1235',NULL,NULL,NULL,NULL,''),(430,'d71429','end','0.49745953222500117','1235',NULL,NULL,NULL,NULL,''),(431,'d34443','end','0.22978057919981013','1235',NULL,NULL,NULL,NULL,''),(432,'d11561','end','0.8886954913741867','1235',NULL,NULL,NULL,NULL,''),(433,'d9666','end','0.8171893999140611','1235',NULL,NULL,NULL,NULL,''),(434,'d79598','end','0.5283394526022854','1235',NULL,NULL,NULL,NULL,''),(435,'d25375','end','0.6837452768196773','1235',NULL,NULL,NULL,NULL,''),(436,'d65747','end','0.23610546275610614','1235',NULL,NULL,NULL,NULL,''),(437,'d20812','end','0.3322965775917252','1235',NULL,NULL,NULL,NULL,''),(438,'d3712','end','0.18868608604062914','1235',NULL,NULL,NULL,NULL,''),(439,'d83208','end','0.5943667130492317','1235',NULL,NULL,NULL,NULL,''),(440,'d47558','end','0.594793050172546','1235',NULL,NULL,NULL,NULL,''),(441,'d54723','end','0.9517678124380929','1235',NULL,NULL,NULL,NULL,''),(442,'d11715','end','0.730451261373657','1235',NULL,NULL,NULL,NULL,''),(443,'d30080','end','0.3126639307594522','1235',NULL,NULL,NULL,NULL,''),(444,'d66091','end','0.36655360866948367','1235',NULL,NULL,NULL,NULL,''),(445,'d85004','end','0.15054346448792466','1235',NULL,NULL,NULL,NULL,''),(446,'d20259','end','0.5613436238480207','1235',NULL,NULL,NULL,NULL,''),(447,'d19893','end','0.3106379493238758','1235',NULL,NULL,NULL,NULL,''),(448,'d95639','end','0.8500286991242587','1235',NULL,NULL,NULL,NULL,''),(449,'d38098','end','0.3548040160488375','1235',NULL,NULL,NULL,NULL,''),(450,'d63109','end','0.09101828941238885','1235',NULL,NULL,NULL,NULL,''),(451,'d56183','end','0.5361116309986558','1235',NULL,NULL,NULL,NULL,''),(452,'d99506','end','0.36695666086576567','1235',NULL,NULL,NULL,NULL,''),(453,'d84961','end','0.14717215406445056','1235',NULL,NULL,NULL,NULL,''),(454,'d18704','end','0.4936612560354744','1235',NULL,NULL,NULL,NULL,''),(455,'d90720','end','0.05501475469676289','1235',NULL,NULL,NULL,NULL,''),(456,'d55347','end','0.6023293115220305','1235',NULL,NULL,NULL,NULL,''),(457,'d35122','end','0.9491244032505196','1235',NULL,NULL,NULL,NULL,''),(458,'d69195','end','0.6124001346644016','1235',NULL,NULL,NULL,NULL,''),(459,'d98614','end','0.09348320597175808','1235',NULL,NULL,NULL,NULL,''),(460,'aa50901','end','0.26457997808659445','1235',NULL,NULL,NULL,NULL,''),(461,'aa79588','end','0.18567100650227722','1235',NULL,NULL,NULL,NULL,''),(462,'aa54071','end','0.14652959736672191','1235',NULL,NULL,NULL,NULL,''),(463,'aa11052','end','0.11302356805002649','1235',NULL,NULL,NULL,NULL,''),(464,'aa23355','end','0.8286816932528109','1235',NULL,NULL,NULL,NULL,''),(465,'aa44276','end','0.727740335955974','1235',NULL,NULL,NULL,NULL,''),(466,'aa31043','end','0.36893142049101313','1235',NULL,NULL,NULL,NULL,''),(467,'aa91337','end','0.46003424232828827','1235',NULL,NULL,NULL,NULL,''),(468,'aa56007','end','0.42026809642116364','1235',NULL,NULL,NULL,NULL,''),(469,'aa42112','end','0.8447859276503193','1235',NULL,NULL,NULL,NULL,''),(470,'aa96058','end','0.2685200341683999','1235',NULL,NULL,NULL,NULL,''),(471,'aa46087','end','0.49880757694952893','1235',NULL,NULL,NULL,NULL,''),(472,'aa11142','end','0.06066393112825596','1235',NULL,NULL,NULL,NULL,''),(473,'aa96907','end','0.6633467754939075','1235',NULL,NULL,NULL,NULL,''),(474,'aa40953','end','0.05761363083274442','1235',NULL,NULL,NULL,NULL,''),(475,'aa5948','end','0.12453828297978108','1235',NULL,NULL,NULL,NULL,''),(476,'aa44426','end','0.8477049757239455','1235',NULL,NULL,NULL,NULL,''),(477,'aa90573','end','0.98555026853974','1235',NULL,NULL,NULL,NULL,''),(478,'aa21055','end','0.09611059734235573','1235',NULL,NULL,NULL,NULL,''),(479,'aa84890','end','0.9561492092499037','1235',NULL,NULL,NULL,NULL,''),(480,'aa23406','end','0.30183987626977254','1235',NULL,NULL,NULL,NULL,''),(481,'aa80703','end','0.12961504247935027','1235',NULL,NULL,NULL,NULL,''),(482,'aa22699','end','0.7461271972825073','1235',NULL,NULL,NULL,NULL,''),(483,'aa4965','end','0.009881642656290572','1235',NULL,NULL,NULL,NULL,''),(484,'aa90045','end','0.47260671152976036','1235',NULL,NULL,NULL,NULL,''),(485,'aa66168','end','0.8905930117616365','1235',NULL,NULL,NULL,NULL,''),(486,'aa46792','end','0.667807096306055','1235',NULL,NULL,NULL,NULL,''),(487,'aa93528','end','0.6729980005631204','1235',NULL,NULL,NULL,NULL,''),(488,'aa55914','end','0.7766984205475994','1235',NULL,NULL,NULL,NULL,''),(489,'aa20608','end','0.7002882619391086','1235',NULL,NULL,NULL,NULL,''),(490,'aa88321','end','0.3151914685174743','1235',NULL,NULL,NULL,NULL,''),(491,'aa92632','end','0.6860438209828398','1235',NULL,NULL,NULL,NULL,''),(492,'aa65125','end','0.19810965861949106','1235',NULL,NULL,NULL,NULL,''),(493,'aa3680','end','0.5896894015275774','1235',NULL,NULL,NULL,NULL,''),(494,'aa83804','end','0.42111197805135697','1235',NULL,NULL,NULL,NULL,''),(495,'aa59145','end','0.6939232458303899','1235',NULL,NULL,NULL,NULL,''),(496,'aa69526','end','0.3945341449180005','1235',NULL,NULL,NULL,NULL,''),(497,'aa88689','end','0.2508398175713046','1235',NULL,NULL,NULL,NULL,''),(498,'aa59353','end','0.21514950619558756','1235',NULL,NULL,NULL,NULL,''),(499,'aa29515','end','0.8302825361772278','1235',NULL,NULL,NULL,NULL,''),(500,'aa26597','end','0.8390229082098444','1235',NULL,NULL,NULL,NULL,''),(501,'aa39719','end','0.4688927069947987','1235',NULL,NULL,NULL,NULL,''),(502,'aa15289','end','0.3577555356153804','1235',NULL,NULL,NULL,NULL,''),(503,'aa33012','end','0.5773210903418446','1235',NULL,NULL,NULL,NULL,''),(504,'aa89625','end','0.7493011725594301','1235',NULL,NULL,NULL,NULL,''),(505,'aa5775','end','0.04083274215537379','1235',NULL,NULL,NULL,NULL,''),(506,'aasdfafaf','23t23t32t','ss','','f','','','',''),(507,'awefaw4ef4','t32t3ta3','aefeaf','','42343','','','','');

/*Table structure for table `imageinfo` */

DROP TABLE IF EXISTS `imageinfo`;

CREATE TABLE `imageinfo` (
  `Id` int(11) NOT NULL AUTO_INCREMENT,
  `FileUrl` varchar(300) NOT NULL DEFAULT '',
  `OrderId` char(9) NOT NULL DEFAULT '',
  PRIMARY KEY (`Id`)
) ENGINE=MyISAM AUTO_INCREMENT=43 DEFAULT CHARSET=utf8;

/*Data for the table `imageinfo` */

insert  into `imageinfo`(`Id`,`FileUrl`,`OrderId`) values (39,'/uploads/OS1300005/6b1394a6tw1e5lr3kwn5rj20c80h6js0.jpg','OS1300005'),(41,'/uploads/OS1300005/6f582097gw1e8xeu0op8gj20c82e5akf.jpg','OS1300005'),(42,'/uploads/OS1300005/7cc829d3jw1e4r1w1bt75g207r06s000.gif','OS1300005');

/*Table structure for table `orderinfo` */

DROP TABLE IF EXISTS `orderinfo`;

CREATE TABLE `orderinfo` (
  `Id` char(9) NOT NULL DEFAULT '',
  `FailureDescription` varchar(500) DEFAULT NULL,
  `Remark` varchar(500) DEFAULT NULL,
  `WorkType` int(11) NOT NULL DEFAULT '0',
  `CreateTime` datetime NOT NULL DEFAULT '0000-00-00 00:00:00',
  `UpdateTime` datetime DEFAULT NULL,
  `CreateUserId` int(11) NOT NULL DEFAULT '0',
  `TechnicianId` int(11) NOT NULL DEFAULT '0',
  `AdminId` int(11) DEFAULT NULL,
  `CustomerId` int(11) NOT NULL DEFAULT '0',
  `StationId` int(11) NOT NULL DEFAULT '0',
  `OrderStatus` tinyint(3) NOT NULL DEFAULT '0',
  `IsPublic` bit(1) NOT NULL DEFAULT b'0',
  PRIMARY KEY (`Id`)
) ENGINE=MyISAM DEFAULT CHARSET=utf8;

/*Data for the table `orderinfo` */

insert  into `orderinfo`(`Id`,`FailureDescription`,`Remark`,`WorkType`,`CreateTime`,`UpdateTime`,`CreateUserId`,`TechnicianId`,`AdminId`,`CustomerId`,`StationId`,`OrderStatus`,`IsPublic`) values ('OS1300001','','remark1..log',1,'2013-10-09 14:51:15','2013-10-10 10:29:40',13,15,1,12,1,8,''),('OS1300005','dfddfdfdfddfddfdfdfdf','rrrrrrrrrrrrrrrrrrrrrrr',3,'2013-10-10 17:22:49','2013-11-04 16:14:37',13,18,0,25,1,4,'\0'),('OS1300002','failure description22','22222 bzbz\r\n客户确认了\r\n到期 维修完成~~\r\n\r\nok',4,'2013-10-09 15:04:00','2013-10-15 16:38:54',13,10,13,6,1,8,''),('OS1300003','desc','r',2,'2013-10-09 15:19:04','2013-10-29 11:06:23',13,10,0,9,1,2,''),('OS1300004','','',2,'2013-10-09 15:29:56','2013-10-29 11:14:52',13,10,0,9,1,4,''),('SH1300001',NULL,'',2,'2013-10-09 15:30:16',NULL,13,11,0,9,2,2,''),('SH1300002',NULL,'',1,'2013-10-15 17:34:59',NULL,13,11,0,6,2,2,''),('OS1300006',NULL,'',1,'2013-10-15 17:40:13',NULL,13,10,0,12,1,2,''),('OS1300007',NULL,'',1,'2013-10-15 17:40:48',NULL,13,10,0,16,1,1,''),('SH1300003',NULL,'',2,'2013-10-16 14:59:52',NULL,13,10,0,19,2,1,''),('SH1300004',NULL,'',2,'2013-10-24 11:25:57',NULL,13,10,0,30,2,2,''),('SH1300005',NULL,'',1,'2013-10-25 15:34:27',NULL,625,11,0,377,2,2,''),('OS1300008',NULL,'aefef',2,'2013-11-04 14:56:01',NULL,13,21,0,12,1,2,'\0'),('DS1300001',NULL,'ddddddd',4,'2013-11-04 15:04:57',NULL,13,10,0,9,2,2,''),('OS1300009',NULL,'ddddddd',1,'2013-11-04 15:05:33',NULL,13,11,0,9,1,2,'\0');

/*Table structure for table `orderlog` */

DROP TABLE IF EXISTS `orderlog`;

CREATE TABLE `orderlog` (
  `Id` int(11) NOT NULL AUTO_INCREMENT,
  `OrderId` varchar(20) NOT NULL DEFAULT '',
  `UserId` int(11) NOT NULL DEFAULT '0',
  `FormerStatus` tinyint(3) NOT NULL DEFAULT '0',
  `NewStatus` tinyint(3) DEFAULT NULL,
  `OperateTime` datetime NOT NULL DEFAULT '0000-00-00 00:00:00',
  PRIMARY KEY (`Id`),
  KEY `OperateTime` (`OperateTime`)
) ENGINE=MyISAM AUTO_INCREMENT=46 DEFAULT CHARSET=utf8;

/*Data for the table `orderlog` */

insert  into `orderlog`(`Id`,`OrderId`,`UserId`,`FormerStatus`,`NewStatus`,`OperateTime`) values (16,'OS1300002',13,5,4,'2013-10-09 15:04:24'),(15,'OS1300002',13,4,5,'2013-10-21 15:04:00'),(14,'OS1300002',13,3,4,'2013-10-22 15:04:00'),(13,'OS1300002',10,2,3,'2013-10-18 21:04:00'),(12,'OS1300002',13,1,2,'2013-10-18 15:04:00'),(11,'OS1300001',13,2,8,'2013-10-09 14:51:15'),(10,'OS1300001',13,7,2,'2013-10-09 15:56:15'),(9,'OS1300001',13,2,7,'2013-10-09 15:51:15'),(17,'OS1300002',13,4,5,'2013-10-17 19:04:00'),(18,'OS1300002',13,5,3,'2013-10-17 15:04:00'),(20,'OS1300002',13,3,4,'2013-10-16 15:04:00'),(21,'OS1300002',13,4,5,'2013-10-13 15:04:00'),(22,'OS1300002',10,5,6,'2013-10-09 15:04:00'),(23,'OS1300002',10,6,7,'2013-10-09 15:05:36'),(24,'OS1300002',13,7,8,'2013-10-10 15:04:00'),(25,'OS1300005',13,1,2,'2013-10-10 17:22:49'),(26,'OS1300003',10,2,3,'2013-10-09 15:19:04'),(27,'OS1300003',13,3,2,'2013-10-09 15:19:04'),(28,'OS1300003',10,2,3,'2013-10-09 15:19:04'),(29,'OS1300001',13,0,2,'2013-10-09 14:52:15'),(30,'OS1300002',13,0,1,'2013-10-12 15:04:00'),(31,'OS1300003',13,0,2,'2013-10-09 15:19:04'),(32,'OS1300004',13,0,2,'2013-10-09 15:29:56'),(33,'OS1300005',13,0,1,'2013-10-10 17:22:49'),(34,'OS1300006',13,0,2,'2013-10-15 17:40:13'),(35,'OS1300007',13,0,1,'2013-10-15 17:40:48'),(36,'SH1300001',13,0,2,'2013-10-09 15:30:16'),(37,'SH1300002',13,0,2,'2013-10-15 17:34:59'),(38,'SH1300003',13,0,1,'2013-10-16 14:59:52'),(39,'SH1300004',13,0,2,'2013-10-24 11:25:57'),(40,'SH1300005',625,0,2,'2013-10-25 15:34:27'),(41,'OS1300005',626,3,4,'2013-10-29 10:55:50'),(42,'OS1300004',626,2,4,'2013-10-29 11:14:52'),(43,'OS1300008',13,0,2,'2013-11-04 14:56:01'),(44,'DS1300001',13,0,2,'2013-11-04 15:04:57'),(45,'OS1300009',13,0,2,'2013-11-04 15:05:33');

/*Table structure for table `productinfo` */

DROP TABLE IF EXISTS `productinfo`;

CREATE TABLE `productinfo` (
  `Id` int(11) NOT NULL AUTO_INCREMENT,
  `ProductName` varchar(50) NOT NULL DEFAULT '',
  `SerialNumber` varchar(30) NOT NULL DEFAULT '',
  `OrderingNumber` varchar(30) NOT NULL DEFAULT '',
  `CycleCounters` varchar(50) DEFAULT NULL,
  `FirmwareVersion` varchar(20) DEFAULT NULL,
  `Remark` varchar(300) DEFAULT NULL,
  `OrderId` varchar(20) NOT NULL DEFAULT '0',
  PRIMARY KEY (`Id`)
) ENGINE=MyISAM AUTO_INCREMENT=29 DEFAULT CHARSET=utf8;

/*Data for the table `productinfo` */

insert  into `productinfo`(`Id`,`ProductName`,`SerialNumber`,`OrderingNumber`,`CycleCounters`,`FirmwareVersion`,`Remark`,`OrderId`) values (13,'Product-A2','PA2-002','ORDERPA2002','','2.4','','OS1300003'),(12,'Product-A2','PA2-001','ORDERPA2001','','2.4','','OS1300002'),(18,'prff','awefef','aefaef3','','','','SH1300002'),(16,'Product-A3','PA3-00111','ORDERPA3002','','','','OS1300005'),(17,'prff','awefef','aefaef3','','','','SH1300002'),(9,'Product-A2','PA2-001','ORDERPA2001','','2.6','','OS1300001'),(14,'Product-A2','PA2-002','ORDERPA2003','','2.4','','OS1300004'),(15,'Product-A3','PA3-001','ORDERPA3001','','2.4','','SH1300001'),(19,'asdfafe','awt44','2523553','','','','OS1300006'),(20,'asdfafe','awt44','2523553','','','','OS1300007'),(21,'q6tq43','aaefe','awf3wf','','','','SH1300003'),(22,'t4ta4twg','waeaeew','efewfewf','','','','SH1300004'),(23,'t4ta4twg','waeaeew','efewfewf','','','','SH1300004'),(24,'t4ta4twg','waeaeew','efewfewf','','','','SH1300004'),(25,'aewfawf','4t4a','afawef','','','','SH1300005'),(26,'23535','52532','2533523','','','','OS1300008'),(27,'123123213','1231232','312321','','','','DS1300001'),(28,'123123213','1231232','3123rgr','','','','OS1300009');

/*Table structure for table `repairlog` */

DROP TABLE IF EXISTS `repairlog`;

CREATE TABLE `repairlog` (
  `Id` int(11) NOT NULL AUTO_INCREMENT,
  `StartTime` datetime DEFAULT NULL,
  `EndTime` datetime DEFAULT NULL,
  `WorkDetail` varchar(300) DEFAULT NULL,
  `OrderId` varchar(20) NOT NULL DEFAULT '0',
  PRIMARY KEY (`Id`)
) ENGINE=MyISAM DEFAULT CHARSET=utf8;

/*Data for the table `repairlog` */

/*Table structure for table `sparepartinfo` */

DROP TABLE IF EXISTS `sparepartinfo`;

CREATE TABLE `sparepartinfo` (
  `Id` int(11) NOT NULL AUTO_INCREMENT,
  `SparePartName` varchar(50) NOT NULL DEFAULT '',
  `OrderingNumber` varchar(30) NOT NULL DEFAULT '',
  `Amount` int(11) NOT NULL DEFAULT '0',
  `Remark` varchar(300) DEFAULT NULL,
  `OrderId` varchar(20) NOT NULL DEFAULT '0',
  PRIMARY KEY (`Id`)
) ENGINE=MyISAM AUTO_INCREMENT=19 DEFAULT CHARSET=utf8;

/*Data for the table `sparepartinfo` */

insert  into `sparepartinfo`(`Id`,`SparePartName`,`OrderingNumber`,`Amount`,`Remark`,`OrderId`) values (16,'spspsp','asdfdf',2,'ddd','OS1300003'),(14,'SP-B2','SPB2001',63,'','OS1300003'),(13,'SP-B1','SPB1001',2,'','OS1300003'),(12,'SP-A4','SPA4001',1,'','OS1300003'),(10,'SP-A2','SPA2001',5,'a2','OS1300003'),(9,'SP-A1','SPA1001',3,'','OS1300003');

/*Table structure for table `stationinfo` */

DROP TABLE IF EXISTS `stationinfo`;

CREATE TABLE `stationinfo` (
  `Id` int(11) NOT NULL AUTO_INCREMENT,
  `StationName` varchar(50) NOT NULL DEFAULT '',
  `StationCode` char(2) NOT NULL DEFAULT '',
  PRIMARY KEY (`Id`)
) ENGINE=MyISAM AUTO_INCREMENT=6 DEFAULT CHARSET=utf8;

/*Data for the table `stationinfo` */

insert  into `stationinfo`(`Id`,`StationName`,`StationCode`) values (1,'现场维修','OS'),(2,'上海','DS');

/*Table structure for table `userinfo` */

DROP TABLE IF EXISTS `userinfo`;

CREATE TABLE `userinfo` (
  `Id` int(11) NOT NULL AUTO_INCREMENT,
  `UserName` varchar(50) NOT NULL DEFAULT '',
  `Password` char(32) NOT NULL DEFAULT '',
  `RealName` varchar(50) NOT NULL DEFAULT '',
  `EmpCode` varchar(20) DEFAULT NULL,
  `Telephone` varchar(20) DEFAULT NULL,
  `Email` varchar(50) DEFAULT NULL,
  `UserType` tinyint(3) NOT NULL DEFAULT '0',
  PRIMARY KEY (`Id`)
) ENGINE=MyISAM AUTO_INCREMENT=629 DEFAULT CHARSET=utf8;

/*Data for the table `userinfo` */

insert  into `userinfo`(`Id`,`UserName`,`Password`,`RealName`,`EmpCode`,`Telephone`,`Email`,`UserType`) values (1,'adf','12312321','aa',NULL,NULL,NULL,1),(9,'admin','965eb72c92a549dd','ad','','121212121','',5),(10,'kenny','965eb72c92a549dd','yqw','39','76453',NULL,2),(11,'johnnyrscdd','965eb72c92a549dd','fdddd','238','585758416','fdd@dd.dd',2),(12,'adong','965eb72c92a549dd','dong',NULL,NULL,NULL,5),(13,'vivas','965eb72c92a549dd','brain','112',NULL,NULL,3),(14,'patton','965eb72c92a549dd','m46','46',NULL,NULL,4),(15,'pershing','965eb72c92a549dd','m26','26',NULL,NULL,2),(16,'maus','965eb72c92a549dd','rat',NULL,NULL,NULL,2),(17,'conq','965eb72c92a549dd','c',NULL,NULL,NULL,3),(18,'panther','965eb72c92a549dd','pz',NULL,NULL,NULL,2),(19,'hellcat','111111','m16','16','1345678909','hellcat@wot.com',4),(20,'aaaa','111111','aaaa','','','',2),(21,'aaaa2','965eb72c92a549dd','aaaa2','','','',2),(22,'0.18521836882943135','965eb72c92a549dd','RealName',NULL,NULL,NULL,1),(23,'0.4856159216590374','965eb72c92a549dd','RealName',NULL,NULL,NULL,1),(24,'0.8275182236242278','965eb72c92a549dd','RealName',NULL,NULL,NULL,1),(25,'aaaa3','965eb72c92a549dd','RealName',NULL,NULL,NULL,1),(26,'aaaa4','965eb72c92a549dd','RealName',NULL,NULL,NULL,1),(27,'aaaa0.3383296237684131','965eb72c92a549dd','RealName',NULL,NULL,NULL,1),(28,'aaaa92116','965eb72c92a549dd','RealName',NULL,NULL,NULL,1),(29,'a56358','965eb72c92a549dd','RealName',NULL,NULL,NULL,1),(30,'a5442','965eb72c92a549dd','RealName',NULL,NULL,NULL,1),(31,'a58135','965eb72c92a549dd','RealName',NULL,NULL,NULL,1),(32,'a74351','965eb72c92a549dd','RealName',NULL,NULL,NULL,1),(33,'a97350','965eb72c92a549dd','RealName',NULL,NULL,NULL,1),(34,'a63694','965eb72c92a549dd','RealName',NULL,NULL,NULL,1),(35,'a26423','965eb72c92a549dd','RealName',NULL,NULL,NULL,1),(36,'a41034','965eb72c92a549dd','RealName',NULL,NULL,NULL,1),(37,'a25899','965eb72c92a549dd','RealName',NULL,NULL,NULL,1),(38,'a6393','965eb72c92a549dd','RealName',NULL,NULL,NULL,1),(39,'a54266','965eb72c92a549dd','RealName',NULL,NULL,NULL,1),(40,'a52154','965eb72c92a549dd','RealName',NULL,NULL,NULL,1),(41,'a97972','965eb72c92a549dd','RealName',NULL,NULL,NULL,1),(42,'a33396','965eb72c92a549dd','RealName',NULL,NULL,NULL,1),(43,'a73066','965eb72c92a549dd','RealName',NULL,NULL,NULL,1),(44,'a65141','965eb72c92a549dd','RealName',NULL,NULL,NULL,1),(45,'a6508','965eb72c92a549dd','RealName',NULL,NULL,NULL,1),(46,'a37118','965eb72c92a549dd','RealName',NULL,NULL,NULL,1),(47,'a66067','965eb72c92a549dd','RealName',NULL,NULL,NULL,1),(48,'a18979','965eb72c92a549dd','RealName',NULL,NULL,NULL,1),(49,'a96693','965eb72c92a549dd','RealName',NULL,NULL,NULL,1),(50,'a26531','965eb72c92a549dd','RealName',NULL,NULL,NULL,1),(51,'a42573','965eb72c92a549dd','RealName',NULL,NULL,NULL,1),(52,'a33275','965eb72c92a549dd','RealName',NULL,NULL,NULL,1),(53,'a38655','965eb72c92a549dd','RealName',NULL,NULL,NULL,1),(54,'a93451','965eb72c92a549dd','RealName',NULL,NULL,NULL,1),(55,'a51290','965eb72c92a549dd','RealName',NULL,NULL,NULL,1),(56,'a76096','965eb72c92a549dd','RealName',NULL,NULL,NULL,1),(57,'a26612','965eb72c92a549dd','RealName',NULL,NULL,NULL,1),(58,'a4770','965eb72c92a549dd','RealName',NULL,NULL,NULL,1),(59,'a44014','965eb72c92a549dd','RealName',NULL,NULL,NULL,1),(60,'a5760','965eb72c92a549dd','RealName',NULL,NULL,NULL,1),(61,'a96757','965eb72c92a549dd','RealName',NULL,NULL,NULL,1),(62,'a66506','965eb72c92a549dd','RealName',NULL,NULL,NULL,1),(63,'a42257','965eb72c92a549dd','RealName',NULL,NULL,NULL,1),(64,'a11768','965eb72c92a549dd','RealName',NULL,NULL,NULL,1),(65,'a32068','965eb72c92a549dd','RealName',NULL,NULL,NULL,1),(66,'a25036','965eb72c92a549dd','RealName',NULL,NULL,NULL,1),(67,'a28976','965eb72c92a549dd','RealName',NULL,NULL,NULL,1),(68,'a69774','965eb72c92a549dd','RealName',NULL,NULL,NULL,1),(69,'a61939','965eb72c92a549dd','RealName',NULL,NULL,NULL,1),(70,'a373','965eb72c92a549dd','RealName',NULL,NULL,NULL,1),(71,'a16051','965eb72c92a549dd','RealName',NULL,NULL,NULL,1),(72,'a79134','965eb72c92a549dd','RealName',NULL,NULL,NULL,1),(73,'a47519','965eb72c92a549dd','RealName',NULL,NULL,NULL,1),(74,'a191','965eb72c92a549dd','RealName',NULL,NULL,NULL,1),(75,'a58398','965eb72c92a549dd','RealName',NULL,NULL,NULL,1),(76,'a91416','965eb72c92a549dd','RealName',NULL,NULL,NULL,1),(77,'a81887','965eb72c92a549dd','RealName',NULL,NULL,NULL,1),(78,'a35189','965eb72c92a549dd','RealName',NULL,NULL,NULL,1),(79,'a30281','965eb72c92a549dd','RealName',NULL,NULL,NULL,1),(80,'a45841','965eb72c92a549dd','RealName',NULL,NULL,NULL,1),(81,'a38359','965eb72c92a549dd','RealName',NULL,NULL,NULL,1),(82,'a54273','965eb72c92a549dd','RealName',NULL,NULL,NULL,1),(83,'a56287','965eb72c92a549dd','RealName',NULL,NULL,NULL,1),(84,'a18615','965eb72c92a549dd','RealName',NULL,NULL,NULL,1),(85,'a24217','965eb72c92a549dd','RealName',NULL,NULL,NULL,1),(86,'a65238','965eb72c92a549dd','RealName',NULL,NULL,NULL,1),(87,'a53538','965eb72c92a549dd','RealName',NULL,NULL,NULL,1),(88,'b71977','965eb72c92a549dd','RealName',NULL,NULL,NULL,1),(89,'b99273','965eb72c92a549dd','RealName',NULL,NULL,NULL,1),(90,'b80431','965eb72c92a549dd','RealName',NULL,NULL,NULL,1),(91,'b4338','965eb72c92a549dd','RealName',NULL,NULL,NULL,1),(92,'b80398','965eb72c92a549dd','RealName',NULL,NULL,NULL,1),(93,'b88976','965eb72c92a549dd','RealName',NULL,NULL,NULL,1),(94,'b3684','965eb72c92a549dd','RealName',NULL,NULL,NULL,1),(95,'b51492','965eb72c92a549dd','RealName',NULL,NULL,NULL,1),(96,'b46407','965eb72c92a549dd','RealName',NULL,NULL,NULL,1),(97,'b77562','965eb72c92a549dd','RealName',NULL,NULL,NULL,1),(98,'b48589','965eb72c92a549dd','RealName',NULL,NULL,NULL,1),(99,'b10256','965eb72c92a549dd','RealName',NULL,NULL,NULL,1),(100,'b5516','965eb72c92a549dd','RealName',NULL,NULL,NULL,1),(101,'b96810','965eb72c92a549dd','RealName',NULL,NULL,NULL,1),(102,'b67502','965eb72c92a549dd','RealName',NULL,NULL,NULL,1),(103,'b47082','965eb72c92a549dd','RealName',NULL,NULL,NULL,1),(104,'b32901','965eb72c92a549dd','RealName',NULL,NULL,NULL,1),(105,'b23260','965eb72c92a549dd','RealName',NULL,NULL,NULL,1),(106,'b17598','965eb72c92a549dd','RealName',NULL,NULL,NULL,1),(107,'b18211','965eb72c92a549dd','RealName',NULL,NULL,NULL,1),(108,'b38258','965eb72c92a549dd','RealName',NULL,NULL,NULL,1),(109,'b36659','965eb72c92a549dd','RealName',NULL,NULL,NULL,1),(110,'b68519','965eb72c92a549dd','RealName',NULL,NULL,NULL,1),(111,'b32618','965eb72c92a549dd','RealName',NULL,NULL,NULL,1),(112,'b57535','965eb72c92a549dd','RealName',NULL,NULL,NULL,1),(113,'b89818','965eb72c92a549dd','RealName',NULL,NULL,NULL,1),(114,'b76487','965eb72c92a549dd','RealName',NULL,NULL,NULL,1),(115,'b12981','965eb72c92a549dd','RealName',NULL,NULL,NULL,1),(116,'b35444','965eb72c92a549dd','RealName',NULL,NULL,NULL,1),(117,'b38275','965eb72c92a549dd','RealName',NULL,NULL,NULL,1),(118,'b85044','965eb72c92a549dd','RealName',NULL,NULL,NULL,1),(119,'b10393','965eb72c92a549dd','RealName',NULL,NULL,NULL,1),(120,'b96835','965eb72c92a549dd','RealName',NULL,NULL,NULL,1),(121,'b52996','965eb72c92a549dd','RealName',NULL,NULL,NULL,1),(122,'b74473','965eb72c92a549dd','RealName',NULL,NULL,NULL,1),(123,'b13378','965eb72c92a549dd','RealName',NULL,NULL,NULL,1),(124,'b43473','965eb72c92a549dd','RealName',NULL,NULL,NULL,1),(125,'b77231','965eb72c92a549dd','RealName',NULL,NULL,NULL,1),(126,'b55735','965eb72c92a549dd','RealName',NULL,NULL,NULL,1),(127,'b46982','965eb72c92a549dd','RealName',NULL,NULL,NULL,1),(128,'b67706','965eb72c92a549dd','RealName',NULL,NULL,NULL,1),(129,'b97585','965eb72c92a549dd','RealName',NULL,NULL,NULL,1),(130,'b84808','965eb72c92a549dd','RealName',NULL,NULL,NULL,1),(131,'b31282','965eb72c92a549dd','RealName',NULL,NULL,NULL,1),(132,'b1985','965eb72c92a549dd','RealName',NULL,NULL,NULL,1),(133,'b16081','965eb72c92a549dd','RealName',NULL,NULL,NULL,1),(134,'b74452','965eb72c92a549dd','RealName',NULL,NULL,NULL,1),(135,'b24013','965eb72c92a549dd','RealName',NULL,NULL,NULL,1),(136,'b96712','965eb72c92a549dd','RealName',NULL,NULL,NULL,1),(137,'b11522','965eb72c92a549dd','RealName',NULL,NULL,NULL,1),(138,'b67473','965eb72c92a549dd','RealName',NULL,NULL,NULL,1),(139,'b2797','965eb72c92a549dd','RealName',NULL,NULL,NULL,1),(140,'b11568','965eb72c92a549dd','RealName',NULL,NULL,NULL,1),(141,'b49450','965eb72c92a549dd','RealName',NULL,NULL,NULL,1),(142,'b12543','965eb72c92a549dd','RealName',NULL,NULL,NULL,1),(143,'b14368','965eb72c92a549dd','RealName',NULL,NULL,NULL,1),(144,'b34209','965eb72c92a549dd','RealName',NULL,NULL,NULL,1),(145,'b27944','965eb72c92a549dd','RealName',NULL,NULL,NULL,1),(146,'b37090','965eb72c92a549dd','RealName',NULL,NULL,NULL,1),(147,'b1619','965eb72c92a549dd','RealName',NULL,NULL,NULL,1),(148,'b96823','965eb72c92a549dd','RealName',NULL,NULL,NULL,1),(149,'b79261','965eb72c92a549dd','RealName',NULL,NULL,NULL,1),(150,'b5833','965eb72c92a549dd','RealName',NULL,NULL,NULL,1),(151,'b91385','965eb72c92a549dd','RealName',NULL,NULL,NULL,1),(152,'b39424','965eb72c92a549dd','RealName',NULL,NULL,NULL,1),(153,'b22965','965eb72c92a549dd','RealName',NULL,NULL,NULL,1),(154,'b96553','965eb72c92a549dd','RealName',NULL,NULL,NULL,1),(155,'b13868','965eb72c92a549dd','RealName',NULL,NULL,NULL,1),(156,'b79685','965eb72c92a549dd','RealName',NULL,NULL,NULL,1),(157,'b56818','965eb72c92a549dd','RealName',NULL,NULL,NULL,1),(158,'b45034','965eb72c92a549dd','RealName',NULL,NULL,NULL,1),(159,'b54718','965eb72c92a549dd','RealName',NULL,NULL,NULL,1),(160,'b38489','965eb72c92a549dd','RealName',NULL,NULL,NULL,1),(161,'b28290','965eb72c92a549dd','RealName',NULL,NULL,NULL,1),(162,'b25982','965eb72c92a549dd','RealName',NULL,NULL,NULL,1),(163,'b45043','965eb72c92a549dd','RealName',NULL,NULL,NULL,1),(164,'b47266','965eb72c92a549dd','RealName',NULL,NULL,NULL,1),(165,'b1203','965eb72c92a549dd','RealName',NULL,NULL,NULL,1),(166,'b64217','965eb72c92a549dd','RealName',NULL,NULL,NULL,1),(167,'b17477','965eb72c92a549dd','RealName',NULL,NULL,NULL,1),(168,'b94733','965eb72c92a549dd','RealName',NULL,NULL,NULL,1),(169,'b21233','965eb72c92a549dd','RealName',NULL,NULL,NULL,1),(170,'b21968','965eb72c92a549dd','RealName',NULL,NULL,NULL,1),(171,'b46141','965eb72c92a549dd','RealName',NULL,NULL,NULL,1),(172,'b64799','965eb72c92a549dd','RealName',NULL,NULL,NULL,1),(173,'b85572','965eb72c92a549dd','RealName',NULL,NULL,NULL,1),(174,'b33466','965eb72c92a549dd','RealName',NULL,NULL,NULL,1),(175,'b10610','965eb72c92a549dd','RealName',NULL,NULL,NULL,1),(176,'c52656','965eb72c92a549dd','RealName',NULL,NULL,NULL,1),(177,'c31447','965eb72c92a549dd','RealName',NULL,NULL,NULL,1),(178,'c99266','965eb72c92a549dd','RealName',NULL,NULL,NULL,1),(179,'c1990','965eb72c92a549dd','RealName',NULL,NULL,NULL,1),(180,'c12151','965eb72c92a549dd','RealName',NULL,NULL,NULL,1),(181,'c54784','965eb72c92a549dd','RealName',NULL,NULL,NULL,1),(182,'c37468','965eb72c92a549dd','RealName',NULL,NULL,NULL,1),(183,'c22987','965eb72c92a549dd','RealName',NULL,NULL,NULL,1),(184,'c2530','965eb72c92a549dd','RealName',NULL,NULL,NULL,1),(185,'c43690','965eb72c92a549dd','RealName',NULL,NULL,NULL,1),(186,'c10861','965eb72c92a549dd','RealName',NULL,NULL,NULL,1),(187,'c23233','965eb72c92a549dd','RealName',NULL,NULL,NULL,1),(188,'c83583','965eb72c92a549dd','RealName',NULL,NULL,NULL,1),(189,'c48215','965eb72c92a549dd','RealName',NULL,NULL,NULL,1),(190,'c90327','965eb72c92a549dd','RealName',NULL,NULL,NULL,1),(191,'c6989','965eb72c92a549dd','RealName',NULL,NULL,NULL,1),(192,'c63967','965eb72c92a549dd','RealName',NULL,NULL,NULL,1),(193,'c98864','965eb72c92a549dd','RealName',NULL,NULL,NULL,1),(194,'c2422','965eb72c92a549dd','RealName',NULL,NULL,NULL,1),(195,'c15518','965eb72c92a549dd','RealName',NULL,NULL,NULL,1),(196,'c70323','965eb72c92a549dd','RealName',NULL,NULL,NULL,1),(197,'c5059','965eb72c92a549dd','RealName',NULL,NULL,NULL,1),(198,'c14329','965eb72c92a549dd','RealName',NULL,NULL,NULL,1),(199,'c56469','965eb72c92a549dd','RealName',NULL,NULL,NULL,1),(200,'c39356','965eb72c92a549dd','RealName',NULL,NULL,NULL,1),(201,'c27373','965eb72c92a549dd','RealName',NULL,NULL,NULL,1),(202,'c18799','965eb72c92a549dd','RealName',NULL,NULL,NULL,1),(203,'c11874','965eb72c92a549dd','RealName',NULL,NULL,NULL,1),(204,'c2974','965eb72c92a549dd','RealName',NULL,NULL,NULL,1),(205,'c79248','965eb72c92a549dd','RealName',NULL,NULL,NULL,1),(206,'c87318','965eb72c92a549dd','RealName',NULL,NULL,NULL,1),(207,'c98846','965eb72c92a549dd','RealName',NULL,NULL,NULL,1),(208,'c32277','965eb72c92a549dd','RealName',NULL,NULL,NULL,1),(209,'c64845','965eb72c92a549dd','RealName',NULL,NULL,NULL,1),(210,'c27394','965eb72c92a549dd','RealName',NULL,NULL,NULL,1),(211,'c42437','965eb72c92a549dd','RealName',NULL,NULL,NULL,1),(212,'c30001','965eb72c92a549dd','RealName',NULL,NULL,NULL,1),(213,'c22693','965eb72c92a549dd','RealName',NULL,NULL,NULL,1),(214,'c23462','965eb72c92a549dd','RealName',NULL,NULL,NULL,1),(215,'c49233','965eb72c92a549dd','RealName',NULL,NULL,NULL,1),(216,'c75780','965eb72c92a549dd','RealName',NULL,NULL,NULL,1),(217,'c31200','965eb72c92a549dd','RealName',NULL,NULL,NULL,1),(218,'c28660','965eb72c92a549dd','RealName',NULL,NULL,NULL,1),(219,'c49700','965eb72c92a549dd','RealName',NULL,NULL,NULL,1),(220,'c62518','965eb72c92a549dd','RealName',NULL,NULL,NULL,1),(221,'c63493','965eb72c92a549dd','RealName',NULL,NULL,NULL,1),(222,'c29909','965eb72c92a549dd','RealName',NULL,NULL,NULL,1),(223,'c59066','965eb72c92a549dd','RealName',NULL,NULL,NULL,1),(224,'c5605','965eb72c92a549dd','RealName',NULL,NULL,NULL,1),(225,'c50824','965eb72c92a549dd','RealName',NULL,NULL,NULL,1),(226,'c37307','965eb72c92a549dd','RealName',NULL,NULL,NULL,1),(227,'c34063','965eb72c92a549dd','RealName',NULL,NULL,NULL,1),(228,'c58394','965eb72c92a549dd','RealName',NULL,NULL,NULL,1),(229,'c89780','965eb72c92a549dd','RealName',NULL,NULL,NULL,1),(230,'c73718','965eb72c92a549dd','RealName',NULL,NULL,NULL,1),(231,'c99251','965eb72c92a549dd','RealName',NULL,NULL,NULL,1),(232,'c75101','965eb72c92a549dd','RealName',NULL,NULL,NULL,1),(233,'c77751','965eb72c92a549dd','RealName',NULL,NULL,NULL,1),(234,'d63452','965eb72c92a549dd','RealName',NULL,NULL,NULL,1),(235,'d84008','965eb72c92a549dd','RealName',NULL,NULL,NULL,1),(236,'d29685','965eb72c92a549dd','RealName',NULL,NULL,NULL,1),(237,'d96400','965eb72c92a549dd','RealName',NULL,NULL,NULL,1),(238,'d92947','965eb72c92a549dd','RealName',NULL,NULL,NULL,1),(239,'d75533','965eb72c92a549dd','RealName',NULL,NULL,NULL,1),(240,'d98825','965eb72c92a549dd','RealName',NULL,NULL,NULL,1),(241,'d67525','965eb72c92a549dd','RealName',NULL,NULL,NULL,1),(242,'d41151','965eb72c92a549dd','RealName',NULL,NULL,NULL,1),(243,'d3180','965eb72c92a549dd','RealName',NULL,NULL,NULL,1),(244,'d92448','965eb72c92a549dd','RealName',NULL,NULL,NULL,1),(245,'d52698','965eb72c92a549dd','RealName',NULL,NULL,NULL,1),(246,'d86145','965eb72c92a549dd','RealName',NULL,NULL,NULL,1),(247,'d72631','965eb72c92a549dd','RealName',NULL,NULL,NULL,1),(248,'d4723','965eb72c92a549dd','RealName',NULL,NULL,NULL,1),(249,'d5720','965eb72c92a549dd','RealName',NULL,NULL,NULL,1),(250,'d14430','965eb72c92a549dd','RealName',NULL,NULL,NULL,1),(251,'d54990','965eb72c92a549dd','RealName',NULL,NULL,NULL,1),(252,'d31663','965eb72c92a549dd','RealName',NULL,NULL,NULL,1),(253,'d93342','965eb72c92a549dd','RealName',NULL,NULL,NULL,1),(254,'d71722','965eb72c92a549dd','RealName',NULL,NULL,NULL,1),(255,'d78584','965eb72c92a549dd','RealName',NULL,NULL,NULL,1),(256,'d77753','965eb72c92a549dd','RealName',NULL,NULL,NULL,1),(257,'d53015','965eb72c92a549dd','RealName',NULL,NULL,NULL,1),(258,'d31814','965eb72c92a549dd','RealName',NULL,NULL,NULL,1),(259,'d26','965eb72c92a549dd','RealName',NULL,NULL,NULL,1),(260,'d4688','965eb72c92a549dd','RealName',NULL,NULL,NULL,1),(261,'d23363','965eb72c92a549dd','RealName',NULL,NULL,NULL,1),(262,'d2750','965eb72c92a549dd','RealName',NULL,NULL,NULL,1),(263,'d43659','965eb72c92a549dd','RealName',NULL,NULL,NULL,1),(264,'d10047','965eb72c92a549dd','RealName',NULL,NULL,NULL,1),(265,'d19258','965eb72c92a549dd','RealName',NULL,NULL,NULL,1),(266,'d66150','965eb72c92a549dd','RealName',NULL,NULL,NULL,1),(267,'d72975','965eb72c92a549dd','RealName',NULL,NULL,NULL,1),(268,'d66424','965eb72c92a549dd','RealName',NULL,NULL,NULL,1),(269,'d13195','965eb72c92a549dd','RealName',NULL,NULL,NULL,1),(270,'d66705','965eb72c92a549dd','RealName',NULL,NULL,NULL,1),(271,'d93938','965eb72c92a549dd','RealName',NULL,NULL,NULL,1),(272,'d69575','965eb72c92a549dd','RealName',NULL,NULL,NULL,1),(273,'d66060','965eb72c92a549dd','RealName',NULL,NULL,NULL,1),(274,'d21578','965eb72c92a549dd','RealName',NULL,NULL,NULL,1),(275,'d9709','965eb72c92a549dd','RealName',NULL,NULL,NULL,1),(276,'d83810','965eb72c92a549dd','RealName',NULL,NULL,NULL,1),(277,'d89923','965eb72c92a549dd','RealName',NULL,NULL,NULL,1),(278,'d98186','965eb72c92a549dd','RealName',NULL,NULL,NULL,1),(279,'d21163','965eb72c92a549dd','RealName',NULL,NULL,NULL,1),(280,'d11253','965eb72c92a549dd','RealName',NULL,NULL,NULL,1),(281,'d92779','965eb72c92a549dd','RealName',NULL,NULL,NULL,1),(282,'d30136','965eb72c92a549dd','RealName',NULL,NULL,NULL,1),(283,'d72344','965eb72c92a549dd','RealName',NULL,NULL,NULL,1),(284,'d71312','965eb72c92a549dd','RealName',NULL,NULL,NULL,1),(285,'d39526','965eb72c92a549dd','RealName',NULL,NULL,NULL,1),(286,'d83693','965eb72c92a549dd','RealName',NULL,NULL,NULL,1),(287,'d99890','965eb72c92a549dd','RealName',NULL,NULL,NULL,1),(288,'d48369','965eb72c92a549dd','RealName',NULL,NULL,NULL,1),(289,'d42177','965eb72c92a549dd','RealName',NULL,NULL,NULL,1),(290,'d65775','965eb72c92a549dd','RealName',NULL,NULL,NULL,1),(291,'d2346','965eb72c92a549dd','RealName',NULL,NULL,NULL,1),(292,'d14405','965eb72c92a549dd','RealName',NULL,NULL,NULL,1),(293,'d64985','965eb72c92a549dd','RealName',NULL,NULL,NULL,1),(294,'d81710','965eb72c92a549dd','RealName',NULL,NULL,NULL,1),(295,'d13598','965eb72c92a549dd','RealName',NULL,NULL,NULL,1),(296,'d22857','965eb72c92a549dd','RealName',NULL,NULL,NULL,1),(297,'d73491','965eb72c92a549dd','RealName',NULL,NULL,NULL,1),(298,'d98885','965eb72c92a549dd','RealName',NULL,NULL,NULL,1),(299,'d73951','965eb72c92a549dd','RealName',NULL,NULL,NULL,1),(300,'d73100','965eb72c92a549dd','RealName',NULL,NULL,NULL,1),(301,'d43645','965eb72c92a549dd','RealName',NULL,NULL,NULL,1),(302,'d98928','965eb72c92a549dd','RealName',NULL,NULL,NULL,1),(303,'d63705','965eb72c92a549dd','RealName',NULL,NULL,NULL,1),(304,'d21742','965eb72c92a549dd','RealName',NULL,NULL,NULL,1),(305,'d17593','965eb72c92a549dd','RealName',NULL,NULL,NULL,1),(306,'d22738','965eb72c92a549dd','RealName',NULL,NULL,NULL,1),(307,'d60912','965eb72c92a549dd','RealName',NULL,NULL,NULL,1),(308,'d36344','965eb72c92a549dd','RealName',NULL,NULL,NULL,1),(309,'d98987','965eb72c92a549dd','RealName',NULL,NULL,NULL,1),(310,'d85903','965eb72c92a549dd','RealName',NULL,NULL,NULL,1),(311,'d32554','965eb72c92a549dd','RealName',NULL,NULL,NULL,1),(312,'d5058','965eb72c92a549dd','RealName',NULL,NULL,NULL,1),(313,'d27632','965eb72c92a549dd','RealName',NULL,NULL,NULL,1),(314,'d22984','965eb72c92a549dd','RealName',NULL,NULL,NULL,1),(315,'d32023','965eb72c92a549dd','RealName',NULL,NULL,NULL,1),(316,'d91164','965eb72c92a549dd','RealName',NULL,NULL,NULL,1),(317,'d59751','965eb72c92a549dd','RealName',NULL,NULL,NULL,1),(318,'d25263','965eb72c92a549dd','RealName',NULL,NULL,NULL,1),(319,'d47060','965eb72c92a549dd','RealName',NULL,NULL,NULL,1),(320,'d59514','965eb72c92a549dd','RealName',NULL,NULL,NULL,1),(321,'d56387','965eb72c92a549dd','RealName',NULL,NULL,NULL,1),(322,'d3396','965eb72c92a549dd','RealName',NULL,NULL,NULL,1),(323,'d47817','965eb72c92a549dd','RealName',NULL,NULL,NULL,1),(324,'d28897','965eb72c92a549dd','RealName',NULL,NULL,NULL,1),(325,'d1034','965eb72c92a549dd','RealName',NULL,NULL,NULL,1),(326,'d18481','965eb72c92a549dd','RealName',NULL,NULL,NULL,1),(327,'d89301','965eb72c92a549dd','RealName',NULL,NULL,NULL,1),(328,'d91065','965eb72c92a549dd','RealName',NULL,NULL,NULL,1),(329,'d87418','965eb72c92a549dd','RealName',NULL,NULL,NULL,1),(330,'d63898','965eb72c92a549dd','RealName',NULL,NULL,NULL,1),(331,'d57237','965eb72c92a549dd','RealName',NULL,NULL,NULL,1),(332,'d94490','965eb72c92a549dd','RealName',NULL,NULL,NULL,1),(333,'d740','965eb72c92a549dd','RealName',NULL,NULL,NULL,1),(334,'d20229','965eb72c92a549dd','RealName',NULL,NULL,NULL,1),(335,'d98927','965eb72c92a549dd','RealName',NULL,NULL,NULL,1),(336,'d33946','965eb72c92a549dd','RealName',NULL,NULL,NULL,1),(337,'d72947','965eb72c92a549dd','RealName',NULL,NULL,NULL,1),(338,'d62901','965eb72c92a549dd','RealName',NULL,NULL,NULL,1),(339,'d95660','965eb72c92a549dd','RealName',NULL,NULL,NULL,1),(340,'d89601','965eb72c92a549dd','RealName',NULL,NULL,NULL,1),(341,'d61021','965eb72c92a549dd','RealName',NULL,NULL,NULL,1),(342,'d36306','965eb72c92a549dd','RealName',NULL,NULL,NULL,1),(343,'aa98464','965eb72c92a549dd','RealName',NULL,NULL,NULL,1),(344,'aa83403','965eb72c92a549dd','RealName',NULL,NULL,NULL,1),(345,'aa21624','965eb72c92a549dd','RealName',NULL,NULL,NULL,1),(346,'aa57908','965eb72c92a549dd','RealName',NULL,NULL,NULL,1),(347,'aa24671','965eb72c92a549dd','RealName',NULL,NULL,NULL,1),(348,'aa49630','965eb72c92a549dd','RealName',NULL,NULL,NULL,1),(349,'aa74139','965eb72c92a549dd','RealName',NULL,NULL,NULL,1),(350,'aa21802','965eb72c92a549dd','RealName',NULL,NULL,NULL,1),(351,'aa86594','965eb72c92a549dd','RealName',NULL,NULL,NULL,1),(352,'aa67566','965eb72c92a549dd','RealName',NULL,NULL,NULL,1),(353,'aa78046','965eb72c92a549dd','RealName',NULL,NULL,NULL,1),(354,'aa87535','965eb72c92a549dd','RealName',NULL,NULL,NULL,1),(355,'aa3534','965eb72c92a549dd','RealName',NULL,NULL,NULL,1),(356,'aa55064','965eb72c92a549dd','RealName',NULL,NULL,NULL,1),(357,'aa64720','965eb72c92a549dd','RealName',NULL,NULL,NULL,1),(358,'aa58408','965eb72c92a549dd','RealName',NULL,NULL,NULL,1),(359,'aa97882','965eb72c92a549dd','RealName',NULL,NULL,NULL,1),(360,'aa14183','965eb72c92a549dd','RealName',NULL,NULL,NULL,1),(361,'aa77272','965eb72c92a549dd','RealName',NULL,NULL,NULL,1),(362,'aa43808','965eb72c92a549dd','RealName',NULL,NULL,NULL,1),(363,'aa87224','965eb72c92a549dd','RealName',NULL,NULL,NULL,1),(364,'aa4699','965eb72c92a549dd','RealName',NULL,NULL,NULL,1),(365,'aa61821','965eb72c92a549dd','RealName',NULL,NULL,NULL,1),(366,'aa95008','965eb72c92a549dd','RealName',NULL,NULL,NULL,1),(367,'aa89577','965eb72c92a549dd','RealName',NULL,NULL,NULL,1),(368,'aa62863','965eb72c92a549dd','RealName',NULL,NULL,NULL,1),(369,'aa45583','965eb72c92a549dd','RealName',NULL,NULL,NULL,1),(370,'aa39324','965eb72c92a549dd','RealName',NULL,NULL,NULL,1),(371,'aa59871','965eb72c92a549dd','RealName',NULL,NULL,NULL,1),(372,'aa81386','965eb72c92a549dd','RealName',NULL,NULL,NULL,1),(373,'aa27315','965eb72c92a549dd','RealName',NULL,NULL,NULL,1),(374,'aa92418','965eb72c92a549dd','RealName',NULL,NULL,NULL,1),(375,'aa80146','965eb72c92a549dd','RealName',NULL,NULL,NULL,1),(376,'aa23474','965eb72c92a549dd','RealName',NULL,NULL,NULL,1),(377,'aa76931','965eb72c92a549dd','RealName',NULL,NULL,NULL,1),(378,'aa14233','965eb72c92a549dd','RealName',NULL,NULL,NULL,1),(379,'aa40372','965eb72c92a549dd','RealName',NULL,NULL,NULL,1),(380,'aa59160','965eb72c92a549dd','RealName',NULL,NULL,NULL,1),(381,'aa74687','965eb72c92a549dd','RealName',NULL,NULL,NULL,1),(382,'aa95952','965eb72c92a549dd','RealName',NULL,NULL,NULL,1),(383,'aa55701','965eb72c92a549dd','RealName',NULL,NULL,NULL,1),(384,'aa90648','965eb72c92a549dd','RealName',NULL,NULL,NULL,1),(385,'aa86136','965eb72c92a549dd','RealName',NULL,NULL,NULL,1),(386,'aa58738','965eb72c92a549dd','RealName',NULL,NULL,NULL,1),(387,'aa35282','965eb72c92a549dd','RealName',NULL,NULL,NULL,1),(388,'aa196','965eb72c92a549dd','RealName',NULL,NULL,NULL,1),(389,'aa95135','965eb72c92a549dd','RealName',NULL,NULL,NULL,1),(390,'aa75085','965eb72c92a549dd','RealName',NULL,NULL,NULL,1),(391,'aa90021','965eb72c92a549dd','RealName',NULL,NULL,NULL,1),(392,'aa24848','965eb72c92a549dd','RealName',NULL,NULL,NULL,1),(393,'aa54177','965eb72c92a549dd','RealName',NULL,NULL,NULL,1),(394,'aa96342','965eb72c92a549dd','RealName',NULL,NULL,NULL,1),(395,'aa19178','965eb72c92a549dd','RealName',NULL,NULL,NULL,1),(396,'aa6866','965eb72c92a549dd','RealName',NULL,NULL,NULL,1),(397,'aa76795','965eb72c92a549dd','RealName',NULL,NULL,NULL,1),(398,'aa63375','965eb72c92a549dd','RealName',NULL,NULL,NULL,1),(399,'aa86493','965eb72c92a549dd','RealName',NULL,NULL,NULL,1),(400,'aa42339','965eb72c92a549dd','RealName',NULL,NULL,NULL,1),(401,'aa52218','965eb72c92a549dd','RealName',NULL,NULL,NULL,1),(402,'aa34070','965eb72c92a549dd','RealName',NULL,NULL,NULL,1),(403,'aa13698','965eb72c92a549dd','RealName',NULL,NULL,NULL,1),(404,'aa66279','965eb72c92a549dd','RealName',NULL,NULL,NULL,1),(405,'aa90302','965eb72c92a549dd','RealName',NULL,NULL,NULL,1),(406,'aa52671','965eb72c92a549dd','RealName',NULL,NULL,NULL,1),(407,'aa92448','965eb72c92a549dd','RealName',NULL,NULL,NULL,1),(408,'aa4229','965eb72c92a549dd','RealName',NULL,NULL,NULL,1),(409,'aa43801','965eb72c92a549dd','RealName',NULL,NULL,NULL,1),(410,'aa6319','965eb72c92a549dd','RealName',NULL,NULL,NULL,1),(411,'aa192','965eb72c92a549dd','RealName',NULL,NULL,NULL,1),(412,'aa82001','965eb72c92a549dd','RealName',NULL,NULL,NULL,1),(413,'aa9432','965eb72c92a549dd','RealName',NULL,NULL,NULL,1),(414,'aa1155','965eb72c92a549dd','RealName',NULL,NULL,NULL,1),(415,'aa77478','965eb72c92a549dd','RealName',NULL,NULL,NULL,1),(416,'aa83924','965eb72c92a549dd','RealName',NULL,NULL,NULL,1),(417,'aa87187','965eb72c92a549dd','RealName',NULL,NULL,NULL,1),(418,'aa84164','965eb72c92a549dd','RealName',NULL,NULL,NULL,1),(419,'aa59260','965eb72c92a549dd','RealName',NULL,NULL,NULL,1),(420,'aa43806','965eb72c92a549dd','RealName',NULL,NULL,NULL,1),(421,'aa41249','965eb72c92a549dd','RealName',NULL,NULL,NULL,1),(422,'aa74828','965eb72c92a549dd','RealName',NULL,NULL,NULL,1),(423,'aa50392','965eb72c92a549dd','RealName',NULL,NULL,NULL,1),(424,'aa27476','965eb72c92a549dd','RealName',NULL,NULL,NULL,1),(425,'aa86203','965eb72c92a549dd','RealName',NULL,NULL,NULL,1),(426,'aa48589','965eb72c92a549dd','RealName',NULL,NULL,NULL,1),(427,'aa84336','965eb72c92a549dd','RealName',NULL,NULL,NULL,1),(428,'aa75911','965eb72c92a549dd','RealName',NULL,NULL,NULL,1),(429,'aa26547','965eb72c92a549dd','RealName',NULL,NULL,NULL,1),(430,'aa5003','965eb72c92a549dd','RealName',NULL,NULL,NULL,1),(431,'aa45374','965eb72c92a549dd','RealName',NULL,NULL,NULL,1),(432,'aa11862','965eb72c92a549dd','RealName',NULL,NULL,NULL,1),(433,'aa23186','965eb72c92a549dd','RealName',NULL,NULL,NULL,1),(434,'aa80344','965eb72c92a549dd','RealName',NULL,NULL,NULL,1),(435,'aa32161','965eb72c92a549dd','RealName',NULL,NULL,NULL,1),(436,'aa19776','965eb72c92a549dd','RealName',NULL,NULL,NULL,1),(437,'aa2396','965eb72c92a549dd','RealName',NULL,NULL,NULL,1),(438,'aa52651','965eb72c92a549dd','RealName',NULL,NULL,NULL,1),(439,'aa56067','965eb72c92a549dd','RealName',NULL,NULL,NULL,1),(440,'aa22382','965eb72c92a549dd','RealName',NULL,NULL,NULL,1),(441,'aa43708','965eb72c92a549dd','RealName',NULL,NULL,NULL,1),(442,'aa51394','965eb72c92a549dd','RealName',NULL,NULL,NULL,1),(443,'aa25847','965eb72c92a549dd','RealName',NULL,NULL,NULL,1),(444,'aa75053','965eb72c92a549dd','RealName',NULL,NULL,NULL,1),(445,'aa97726','965eb72c92a549dd','RealName',NULL,NULL,NULL,1),(446,'aa63469','965eb72c92a549dd','RealName',NULL,NULL,NULL,1),(447,'aa24167','965eb72c92a549dd','RealName',NULL,NULL,NULL,1),(448,'aa30428','965eb72c92a549dd','RealName',NULL,NULL,NULL,1),(449,'aa79637','965eb72c92a549dd','RealName',NULL,NULL,NULL,1),(450,'aa6903','965eb72c92a549dd','RealName',NULL,NULL,NULL,1),(451,'aa95604','965eb72c92a549dd','RealName',NULL,NULL,NULL,1),(452,'aa57310','965eb72c92a549dd','RealName',NULL,NULL,NULL,1),(453,'aa99739','965eb72c92a549dd','RealName',NULL,NULL,NULL,1),(454,'ab26763','965eb72c92a549dd','RealName',NULL,NULL,NULL,1),(455,'ab34600','965eb72c92a549dd','RealName',NULL,NULL,NULL,1),(456,'ab92711','965eb72c92a549dd','RealName',NULL,NULL,NULL,1),(457,'ab59756','965eb72c92a549dd','RealName',NULL,NULL,NULL,1),(458,'ab20645','965eb72c92a549dd','RealName',NULL,NULL,NULL,1),(459,'ab23958','965eb72c92a549dd','RealName',NULL,NULL,NULL,1),(460,'ab57855','965eb72c92a549dd','RealName',NULL,NULL,NULL,1),(461,'ab17402','965eb72c92a549dd','RealName',NULL,NULL,NULL,1),(462,'ab13444','965eb72c92a549dd','RealName',NULL,NULL,NULL,1),(463,'ab15016','965eb72c92a549dd','RealName',NULL,NULL,NULL,1),(464,'ab34746','965eb72c92a549dd','RealName',NULL,NULL,NULL,1),(465,'ab28684','965eb72c92a549dd','RealName',NULL,NULL,NULL,1),(466,'ab39182','965eb72c92a549dd','RealName',NULL,NULL,NULL,1),(467,'ab9856','965eb72c92a549dd','RealName',NULL,NULL,NULL,1),(468,'ab31734','965eb72c92a549dd','RealName',NULL,NULL,NULL,1),(469,'ab29101','965eb72c92a549dd','RealName',NULL,NULL,NULL,1),(470,'ab50304','965eb72c92a549dd','RealName',NULL,NULL,NULL,1),(471,'ab64216','965eb72c92a549dd','RealName',NULL,NULL,NULL,1),(472,'ab70169','965eb72c92a549dd','RealName',NULL,NULL,NULL,1),(473,'ab58198','965eb72c92a549dd','RealName',NULL,NULL,NULL,1),(474,'ab80483','965eb72c92a549dd','RealName',NULL,NULL,NULL,1),(475,'ab27822','965eb72c92a549dd','RealName',NULL,NULL,NULL,1),(476,'ab97661','965eb72c92a549dd','RealName',NULL,NULL,NULL,1),(477,'ab4838','965eb72c92a549dd','RealName',NULL,NULL,NULL,1),(478,'ab31207','965eb72c92a549dd','RealName',NULL,NULL,NULL,1),(479,'ab41521','965eb72c92a549dd','RealName',NULL,NULL,NULL,1),(480,'ab13985','965eb72c92a549dd','RealName',NULL,NULL,NULL,1),(481,'ab45363','965eb72c92a549dd','RealName',NULL,NULL,NULL,1),(482,'ab84857','965eb72c92a549dd','RealName',NULL,NULL,NULL,1),(483,'ab88199','965eb72c92a549dd','RealName',NULL,NULL,NULL,1),(484,'ab86425','965eb72c92a549dd','RealName',NULL,NULL,NULL,1),(485,'ab67525','965eb72c92a549dd','RealName',NULL,NULL,NULL,1),(486,'ab78351','965eb72c92a549dd','RealName',NULL,NULL,NULL,1),(487,'ab89179','965eb72c92a549dd','RealName',NULL,NULL,NULL,1),(488,'ab10841','965eb72c92a549dd','RealName',NULL,NULL,NULL,1),(489,'ab86671','965eb72c92a549dd','RealName',NULL,NULL,NULL,1),(490,'ab831','965eb72c92a549dd','RealName',NULL,NULL,NULL,1),(491,'ab44143','965eb72c92a549dd','RealName',NULL,NULL,NULL,1),(492,'ab18222','965eb72c92a549dd','RealName',NULL,NULL,NULL,1),(493,'ab58679','965eb72c92a549dd','RealName',NULL,NULL,NULL,1),(494,'ab38731','965eb72c92a549dd','RealName',NULL,NULL,NULL,1),(495,'ab17616','965eb72c92a549dd','RealName',NULL,NULL,NULL,1),(496,'ab71887','965eb72c92a549dd','RealName',NULL,NULL,NULL,1),(497,'ab6588','965eb72c92a549dd','RealName',NULL,NULL,NULL,1),(498,'ab17280','965eb72c92a549dd','RealName',NULL,NULL,NULL,1),(499,'ab66635','965eb72c92a549dd','RealName',NULL,NULL,NULL,1),(500,'ab81335','965eb72c92a549dd','RealName',NULL,NULL,NULL,1),(501,'ab6771','965eb72c92a549dd','RealName',NULL,NULL,NULL,1),(502,'ab89848','965eb72c92a549dd','RealName',NULL,NULL,NULL,1),(503,'ab28929','965eb72c92a549dd','RealName',NULL,NULL,NULL,1),(504,'ab75099','965eb72c92a549dd','RealName',NULL,NULL,NULL,1),(505,'ab88709','965eb72c92a549dd','RealName',NULL,NULL,NULL,1),(506,'ab18248','965eb72c92a549dd','RealName',NULL,NULL,NULL,1),(507,'ab25112','965eb72c92a549dd','RealName',NULL,NULL,NULL,1),(508,'ab70818','965eb72c92a549dd','RealName',NULL,NULL,NULL,1),(509,'ab78751','965eb72c92a549dd','RealName',NULL,NULL,NULL,1),(510,'ab81303','965eb72c92a549dd','RealName',NULL,NULL,NULL,1),(511,'ab70262','965eb72c92a549dd','RealName',NULL,NULL,NULL,1),(512,'ab7401','965eb72c92a549dd','RealName',NULL,NULL,NULL,1),(513,'ab26219','965eb72c92a549dd','RealName',NULL,NULL,NULL,1),(514,'ab8892','965eb72c92a549dd','RealName',NULL,NULL,NULL,1),(515,'ab65805','965eb72c92a549dd','RealName',NULL,NULL,NULL,1),(516,'ab2347','965eb72c92a549dd','RealName',NULL,NULL,NULL,1),(517,'ab14320','965eb72c92a549dd','RealName',NULL,NULL,NULL,1),(518,'ab64558','965eb72c92a549dd','RealName',NULL,NULL,NULL,1),(519,'ab79832','965eb72c92a549dd','RealName',NULL,NULL,NULL,1),(520,'ab5484','965eb72c92a549dd','RealName',NULL,NULL,NULL,1),(521,'ab87926','965eb72c92a549dd','RealName',NULL,NULL,NULL,1),(522,'ab23176','965eb72c92a549dd','RealName',NULL,NULL,NULL,1),(523,'ab52101','965eb72c92a549dd','RealName',NULL,NULL,NULL,1),(524,'ab90978','965eb72c92a549dd','RealName',NULL,NULL,NULL,1),(525,'ab98585','965eb72c92a549dd','RealName',NULL,NULL,NULL,1),(526,'ab19993','965eb72c92a549dd','RealName',NULL,NULL,NULL,1),(527,'ab4209','965eb72c92a549dd','RealName',NULL,NULL,NULL,1),(528,'ab61066','965eb72c92a549dd','RealName',NULL,NULL,NULL,1),(529,'ab92705','965eb72c92a549dd','RealName',NULL,NULL,NULL,1),(530,'ab80327','965eb72c92a549dd','RealName',NULL,NULL,NULL,1),(531,'ab23519','965eb72c92a549dd','RealName',NULL,NULL,NULL,1),(532,'ab76614','965eb72c92a549dd','RealName',NULL,NULL,NULL,1),(533,'ab12511','965eb72c92a549dd','RealName',NULL,NULL,NULL,1),(534,'ab32716','965eb72c92a549dd','RealName',NULL,NULL,NULL,1),(535,'ab26048','965eb72c92a549dd','RealName',NULL,NULL,NULL,1),(536,'ab32090','965eb72c92a549dd','RealName',NULL,NULL,NULL,1),(537,'ab82305','965eb72c92a549dd','RealName',NULL,NULL,NULL,1),(538,'ab15257','965eb72c92a549dd','RealName',NULL,NULL,NULL,1),(539,'ab29371','965eb72c92a549dd','RealName',NULL,NULL,NULL,1),(540,'ab1082','965eb72c92a549dd','RealName',NULL,NULL,NULL,1),(541,'ab17298','965eb72c92a549dd','RealName',NULL,NULL,NULL,1),(542,'ab83245','965eb72c92a549dd','RealName',NULL,NULL,NULL,1),(543,'ab64329','965eb72c92a549dd','RealName',NULL,NULL,NULL,1),(544,'ab71913','965eb72c92a549dd','RealName',NULL,NULL,NULL,1),(545,'ab66575','965eb72c92a549dd','RealName',NULL,NULL,NULL,1),(546,'ab17135','965eb72c92a549dd','RealName',NULL,NULL,NULL,1),(547,'ab85953','965eb72c92a549dd','RealName',NULL,NULL,NULL,1),(548,'ab78360','965eb72c92a549dd','RealName',NULL,NULL,NULL,1),(549,'ab33940','965eb72c92a549dd','RealName',NULL,NULL,NULL,1),(550,'ab34621','965eb72c92a549dd','RealName',NULL,NULL,NULL,1),(551,'ab71285','965eb72c92a549dd','RealName',NULL,NULL,NULL,1),(552,'ab52561','965eb72c92a549dd','RealName',NULL,NULL,NULL,1),(553,'ab48952','965eb72c92a549dd','RealName',NULL,NULL,NULL,1),(554,'ab87077','965eb72c92a549dd','RealName',NULL,NULL,NULL,1),(555,'ab88529','965eb72c92a549dd','RealName',NULL,NULL,NULL,1),(556,'ab81415','965eb72c92a549dd','RealName',NULL,NULL,NULL,1),(557,'ab41489','965eb72c92a549dd','RealName',NULL,NULL,NULL,1),(558,'ab63198','965eb72c92a549dd','RealName',NULL,NULL,NULL,1),(559,'ab91524','965eb72c92a549dd','RealName',NULL,NULL,NULL,1),(560,'ab68024','965eb72c92a549dd','RealName',NULL,NULL,NULL,1),(561,'ab65549','965eb72c92a549dd','RealName',NULL,NULL,NULL,1),(562,'ab23674','965eb72c92a549dd','RealName',NULL,NULL,NULL,1),(563,'ab21723','965eb72c92a549dd','RealName',NULL,NULL,NULL,1),(564,'ab37595','965eb72c92a549dd','RealName',NULL,NULL,NULL,1),(565,'ab22802','965eb72c92a549dd','RealName',NULL,NULL,NULL,1),(566,'ab1228','965eb72c92a549dd','RealName',NULL,NULL,NULL,1),(567,'ab37734','965eb72c92a549dd','RealName',NULL,NULL,NULL,1),(568,'ab84987','965eb72c92a549dd','RealName',NULL,NULL,NULL,1),(569,'ab11731','965eb72c92a549dd','RealName',NULL,NULL,NULL,1),(570,'ab3693','965eb72c92a549dd','RealName',NULL,NULL,NULL,1),(571,'ab83272','965eb72c92a549dd','RealName',NULL,NULL,NULL,1),(572,'ab5282','965eb72c92a549dd','RealName',NULL,NULL,NULL,1),(573,'ab76596','965eb72c92a549dd','RealName',NULL,NULL,NULL,1),(574,'ab67131','965eb72c92a549dd','RealName',NULL,NULL,NULL,1),(575,'ab5867','965eb72c92a549dd','RealName',NULL,NULL,NULL,1),(576,'ab27943','965eb72c92a549dd','RealName',NULL,NULL,NULL,1),(577,'ac22112','965eb72c92a549dd','RealName',NULL,NULL,NULL,1),(578,'ac26734','965eb72c92a549dd','RealName',NULL,NULL,NULL,1),(579,'ac67332','965eb72c92a549dd','RealName',NULL,NULL,NULL,1),(580,'ac56459','965eb72c92a549dd','RealName',NULL,NULL,NULL,1),(581,'ac80298','965eb72c92a549dd','RealName',NULL,NULL,NULL,1),(582,'ac32113','965eb72c92a549dd','RealName',NULL,NULL,NULL,1),(583,'ac19670','965eb72c92a549dd','RealName',NULL,NULL,NULL,1),(584,'ac2013','965eb72c92a549dd','RealName',NULL,NULL,NULL,1),(585,'ac51054','965eb72c92a549dd','RealName',NULL,NULL,NULL,1),(586,'ac49231','965eb72c92a549dd','RealName',NULL,NULL,NULL,1),(587,'ac92992','965eb72c92a549dd','RealName',NULL,NULL,NULL,1),(588,'ac17268','965eb72c92a549dd','RealName',NULL,NULL,NULL,1),(589,'ac7362','965eb72c92a549dd','RealName',NULL,NULL,NULL,1),(590,'ac85007','965eb72c92a549dd','RealName',NULL,NULL,NULL,1),(591,'ac2950','965eb72c92a549dd','RealName',NULL,NULL,NULL,1),(592,'ac59728','965eb72c92a549dd','RealName',NULL,NULL,NULL,1),(593,'ac89792','965eb72c92a549dd','RealName',NULL,NULL,NULL,1),(594,'ac69776','965eb72c92a549dd','RealName',NULL,NULL,NULL,1),(595,'ac79504','965eb72c92a549dd','RealName',NULL,NULL,NULL,1),(596,'ac88192','965eb72c92a549dd','RealName',NULL,NULL,NULL,1),(597,'ac2446','965eb72c92a549dd','RealName',NULL,NULL,NULL,1),(598,'ac47654','965eb72c92a549dd','RealName',NULL,NULL,NULL,1),(599,'ac30934','965eb72c92a549dd','RealName',NULL,NULL,NULL,1),(600,'ac11706','965eb72c92a549dd','RealName',NULL,NULL,NULL,1),(601,'ac65728','965eb72c92a549dd','RealName',NULL,NULL,NULL,1),(602,'ac93522','965eb72c92a549dd','RealName',NULL,NULL,NULL,1),(603,'ac70427','965eb72c92a549dd','RealName',NULL,NULL,NULL,1),(604,'ac71570','965eb72c92a549dd','RealName',NULL,NULL,NULL,1),(605,'ac46569','965eb72c92a549dd','RealName',NULL,NULL,NULL,1),(606,'ac18135','965eb72c92a549dd','RealName',NULL,NULL,NULL,1),(607,'ac50970','965eb72c92a549dd','RealName',NULL,NULL,NULL,1),(608,'ac441','965eb72c92a549dd','RealName',NULL,NULL,NULL,1),(609,'ac49299','965eb72c92a549dd','RealName',NULL,NULL,NULL,1),(610,'ac45169','965eb72c92a549dd','RealName',NULL,NULL,NULL,1),(611,'ac77950','965eb72c92a549dd','RealName',NULL,NULL,NULL,1),(612,'ac54240','965eb72c92a549dd','RealName',NULL,NULL,NULL,1),(613,'ac37352','965eb72c92a549dd','RealName',NULL,NULL,NULL,1),(614,'ac24040','965eb72c92a549dd','RealName',NULL,NULL,NULL,1),(615,'ac8145','965eb72c92a549dd','RealName',NULL,NULL,NULL,1),(616,'ac68603','965eb72c92a549dd','RealName',NULL,NULL,NULL,1),(617,'ac18580','965eb72c92a549dd','RealName',NULL,NULL,NULL,1),(618,'ac87091','965eb72c92a549dd','RealName',NULL,NULL,NULL,1),(619,'ac79717','965eb72c92a549dd','RealName',NULL,NULL,NULL,1),(620,'ac37313','965eb72c92a549dd','RealName',NULL,NULL,NULL,1),(621,'ac47410','965eb72c92a549dd','RealName',NULL,NULL,NULL,1),(622,'ac25115','965eb72c92a549dd','RealName',NULL,NULL,NULL,1),(623,'阿萨德飞','965eb72c92a549dd','a','','','',5),(624,'admin1','965eb72c92a549dd','admin1','','','',1),(625,'admin2','965eb72c92a549dd','admin2','','','',2),(626,'admin3','965eb72c92a549dd','admin3','','','',3),(627,'admin4','965eb72c92a549dd','admin4','','','',4),(628,'admin5','965eb72c92a549dd','admin5','','','',5);

/*!40101 SET SQL_MODE=@OLD_SQL_MODE */;
/*!40014 SET FOREIGN_KEY_CHECKS=@OLD_FOREIGN_KEY_CHECKS */;
/*!40014 SET UNIQUE_CHECKS=@OLD_UNIQUE_CHECKS */;
/*!40111 SET SQL_NOTES=@OLD_SQL_NOTES */;
