/*
SQLyog Ultimate v8.53 
MySQL - 5.5.19 : Database - desouttercsms
*********************************************************************
*/

/*!40101 SET NAMES utf8 */;

/*!40101 SET SQL_MODE=''*/;

/*!40014 SET @OLD_UNIQUE_CHECKS=@@UNIQUE_CHECKS, UNIQUE_CHECKS=0 */;
/*!40014 SET @OLD_FOREIGN_KEY_CHECKS=@@FOREIGN_KEY_CHECKS, FOREIGN_KEY_CHECKS=0 */;
/*!40101 SET @OLD_SQL_MODE=@@SQL_MODE, SQL_MODE='NO_AUTO_VALUE_ON_ZERO' */;
/*!40111 SET @OLD_SQL_NOTES=@@SQL_NOTES, SQL_NOTES=0 */;
CREATE DATABASE /*!32312 IF NOT EXISTS*/`desouttercsms` /*!40100 DEFAULT CHARACTER SET utf8 */;

USE `desouttercsms`;

/*Table structure for table `customerinfo` */

DROP TABLE IF EXISTS `customerinfo`;

CREATE TABLE `customerinfo` (
  `Id` int(11) NOT NULL AUTO_INCREMENT,
  `CustomerName` varchar(100) NOT NULL DEFAULT '',
  `EndCustomerName` varchar(100) DEFAULT NULL,
  `ContactPerson` varchar(50) NOT NULL DEFAULT '',
  `Telephone` varchar(20) DEFAULT NULL,
  `Mobile` varchar(20) DEFAULT NULL,
  `Address` varchar(100) DEFAULT NULL,
  `PostCode` varchar(10) DEFAULT NULL,
  `Remark` varchar(300) DEFAULT NULL,
  `Verified` bit(1) DEFAULT NULL,
  PRIMARY KEY (`Id`)
) ENGINE=MyISAM AUTO_INCREMENT=16 DEFAULT CHARSET=utf8;

/*Data for the table `customerinfo` */

insert  into `customerinfo`(`Id`,`CustomerName`,`EndCustomerName`,`ContactPerson`,`Telephone`,`Mobile`,`Address`,`PostCode`,`Remark`,`Verified`) values (1,'cn','ecn','cp','66666666','12345678901',NULL,'200001','adfarg ae5y hhwhtht',''),(2,'cnnnn','ecn','cp','232323','124','','100002','testeset remak','\0'),(3,'1','','1','','',NULL,'','',''),(4,'2','','1','','',NULL,'','',''),(5,'111','','1','','',NULL,'','','\0'),(6,'IS-7','','1','4234324','',NULL,'','tk',''),(7,'T29','','1','','',NULL,'','tk',''),(8,'Foch 155','','1','','17616',NULL,'','tk',''),(9,'Maus','','1','2646','',NULL,'','tk',''),(10,'T-62A','','1','','',NULL,'','tk','\0'),(12,'FCM50t','franch','fcm','1232123232','2626','YQ2adfdfd','00332','tk',''),(13,'customerNew','','newps','','','','','','\0'),(15,'cusNew','','1634','','','','','','');

/*Table structure for table `orderinfo` */

DROP TABLE IF EXISTS `orderinfo`;

CREATE TABLE `orderinfo` (
  `Id` char(9) NOT NULL DEFAULT '',
  `FailureDescription` varchar(500) DEFAULT NULL,
  `ImgUrl` varchar(300) DEFAULT NULL,
  `Remark` varchar(500) DEFAULT NULL,
  `WorkType` int(11) NOT NULL DEFAULT '0',
  `CreateTime` datetime NOT NULL DEFAULT '0000-00-00 00:00:00',
  `UpdateTime` datetime DEFAULT NULL,
  `CreateUserId` int(11) NOT NULL DEFAULT '0',
  `TechnicianId` int(11) NOT NULL DEFAULT '0',
  `AdminId` int(11) DEFAULT NULL,
  `CustomerId` int(11) NOT NULL DEFAULT '0',
  `StationId` int(11) NOT NULL DEFAULT '0',
  `OrderStatus` tinyint(3) NOT NULL DEFAULT '0',
  PRIMARY KEY (`Id`)
) ENGINE=MyISAM DEFAULT CHARSET=utf8;

/*Data for the table `orderinfo` */

insert  into `orderinfo`(`Id`,`FailureDescription`,`ImgUrl`,`Remark`,`WorkType`,`CreateTime`,`UpdateTime`,`CreateUserId`,`TechnicianId`,`AdminId`,`CustomerId`,`StationId`,`OrderStatus`) values ('OS1300001','','','remark1..log',1,'2013-10-09 14:51:15','2013-10-10 10:29:40',13,15,1,12,1,8),('OS1300005',NULL,NULL,'',3,'2013-10-10 17:22:49','2013-10-10 17:29:34',13,18,0,15,1,3),('OS1300002','failure description22','imgurl','22222 bzbz\r\n客户确认了\r\n到期 维修完成~~\r\n\r\nok',4,'2013-10-09 15:04:00','2013-10-10 16:38:31',13,10,13,13,1,8),('OS1300003','desc','','r',2,'2013-10-09 15:19:04','2013-10-11 17:54:50',13,10,0,9,1,3),('OS1300004',NULL,NULL,'',2,'2013-10-09 15:29:56',NULL,13,10,0,9,1,2),('SH1300002',NULL,NULL,'',2,'2013-10-09 15:30:16',NULL,13,11,0,9,2,2);

/*Table structure for table `orderlog` */

DROP TABLE IF EXISTS `orderlog`;

CREATE TABLE `orderlog` (
  `Id` int(11) NOT NULL AUTO_INCREMENT,
  `OrderId` varchar(20) NOT NULL DEFAULT '',
  `UserId` int(11) NOT NULL DEFAULT '0',
  `FormerStatus` tinyint(3) NOT NULL DEFAULT '0',
  `NewStatus` tinyint(3) DEFAULT NULL,
  `OperateTime` datetime NOT NULL DEFAULT '0000-00-00 00:00:00',
  PRIMARY KEY (`Id`)
) ENGINE=MyISAM AUTO_INCREMENT=29 DEFAULT CHARSET=utf8;

/*Data for the table `orderlog` */

insert  into `orderlog`(`Id`,`OrderId`,`UserId`,`FormerStatus`,`NewStatus`,`OperateTime`) values (16,'OS1300002',13,5,4,'2013-10-10 16:16:15'),(15,'OS1300002',13,4,5,'2013-10-10 16:15:43'),(14,'OS1300002',13,3,4,'2013-10-10 16:14:57'),(13,'OS1300002',10,2,3,'2013-10-10 16:13:17'),(12,'OS1300002',13,1,2,'2013-10-10 16:07:31'),(11,'OS1300001',13,2,8,'2013-10-10 10:29:40'),(10,'OS1300001',13,7,2,'2013-10-10 10:21:22'),(9,'OS1300001',13,2,7,'2013-10-09 18:32:21'),(17,'OS1300002',13,4,5,'2013-10-10 16:17:06'),(18,'OS1300002',13,5,3,'2013-10-10 16:20:03'),(20,'OS1300002',13,3,4,'2013-10-10 16:32:48'),(21,'OS1300002',13,4,5,'2013-10-10 16:34:54'),(22,'OS1300002',10,5,6,'2013-10-10 16:36:02'),(23,'OS1300002',10,6,7,'2013-10-10 16:36:58'),(24,'OS1300002',13,7,8,'2013-10-10 16:38:31'),(25,'OS1300005',13,1,2,'2013-10-10 17:29:34'),(26,'OS1300003',10,2,3,'2013-10-11 17:40:50'),(27,'OS1300003',13,3,2,'2013-10-11 17:45:22'),(28,'OS1300003',10,2,3,'2013-10-11 17:54:50');

/*Table structure for table `productinfo` */

DROP TABLE IF EXISTS `productinfo`;

CREATE TABLE `productinfo` (
  `Id` int(11) NOT NULL AUTO_INCREMENT,
  `ProductName` varchar(50) NOT NULL DEFAULT '',
  `SerialNumber` varchar(30) NOT NULL DEFAULT '',
  `OrderingNumber` varchar(30) NOT NULL DEFAULT '',
  `CycleCounters` varchar(50) DEFAULT NULL,
  `FirmwareVersion` varchar(20) DEFAULT NULL,
  `Remark` varchar(300) DEFAULT NULL,
  `OrderId` varchar(20) NOT NULL DEFAULT '0',
  PRIMARY KEY (`Id`)
) ENGINE=MyISAM AUTO_INCREMENT=17 DEFAULT CHARSET=utf8;

/*Data for the table `productinfo` */

insert  into `productinfo`(`Id`,`ProductName`,`SerialNumber`,`OrderingNumber`,`CycleCounters`,`FirmwareVersion`,`Remark`,`OrderId`) values (13,'Product-A2','PA2-002','ORDERPA2002','','2.4','','OS1300003'),(12,'Product-A2','PA2-001','ORDERPA2001','','2.4','','OS1300002'),(16,'Product-A3','PA3-001','ORDERPA3002','','','','OS1300005'),(9,'Product-A2','PA2-001','ORDERPA2001','','2.6','','OS1300001'),(14,'Product-A2','PA2-002','ORDERPA2003','','2.4','','OS1300004'),(15,'Product-A3','PA3-001','ORDERPA3001','','2.4','','SH1300002');

/*Table structure for table `repairlog` */

DROP TABLE IF EXISTS `repairlog`;

CREATE TABLE `repairlog` (
  `Id` int(11) NOT NULL AUTO_INCREMENT,
  `StartTime` datetime DEFAULT NULL,
  `EndTime` datetime DEFAULT NULL,
  `WorkDetail` varchar(300) DEFAULT NULL,
  `OrderId` varchar(20) NOT NULL DEFAULT '0',
  PRIMARY KEY (`Id`)
) ENGINE=MyISAM DEFAULT CHARSET=utf8;

/*Data for the table `repairlog` */

/*Table structure for table `sparepartinfo` */

DROP TABLE IF EXISTS `sparepartinfo`;

CREATE TABLE `sparepartinfo` (
  `Id` int(11) NOT NULL AUTO_INCREMENT,
  `SparePartName` varchar(50) NOT NULL DEFAULT '',
  `OrderingNumber` varchar(30) NOT NULL DEFAULT '',
  `Amount` int(11) NOT NULL DEFAULT '0',
  `Remark` varchar(300) DEFAULT NULL,
  `OrderId` varchar(20) NOT NULL DEFAULT '0',
  PRIMARY KEY (`Id`)
) ENGINE=MyISAM AUTO_INCREMENT=19 DEFAULT CHARSET=utf8;

/*Data for the table `sparepartinfo` */

insert  into `sparepartinfo`(`Id`,`SparePartName`,`OrderingNumber`,`Amount`,`Remark`,`OrderId`) values (16,'spspsp','asdfdf',2,'ddd','OS1300003'),(14,'SP-B2','SPB2001',63,'','OS1300003'),(13,'SP-B1','SPB1001',2,'','OS1300003'),(12,'SP-A4','SPA4001',1,'','OS1300003'),(10,'SP-A2','SPA2001',5,'a2','OS1300003'),(9,'SP-A1','SPA1001',3,'','OS1300003');

/*Table structure for table `stationinfo` */

DROP TABLE IF EXISTS `stationinfo`;

CREATE TABLE `stationinfo` (
  `Id` int(11) NOT NULL AUTO_INCREMENT,
  `StationName` varchar(50) NOT NULL DEFAULT '',
  `StationCode` char(2) NOT NULL DEFAULT '',
  PRIMARY KEY (`Id`)
) ENGINE=MyISAM AUTO_INCREMENT=6 DEFAULT CHARSET=utf8;

/*Data for the table `stationinfo` */

insert  into `stationinfo`(`Id`,`StationName`,`StationCode`) values (1,'现场维修','OS'),(2,'上海','SH');

/*Table structure for table `userinfo` */

DROP TABLE IF EXISTS `userinfo`;

CREATE TABLE `userinfo` (
  `Id` int(11) NOT NULL AUTO_INCREMENT,
  `UserName` varchar(50) NOT NULL DEFAULT '',
  `Password` char(32) NOT NULL DEFAULT '',
  `RealName` varchar(50) NOT NULL DEFAULT '',
  `EmpCode` varchar(20) DEFAULT NULL,
  `Telephone` varchar(20) DEFAULT NULL,
  `Email` varchar(50) DEFAULT NULL,
  `UserType` tinyint(3) NOT NULL DEFAULT '0',
  PRIMARY KEY (`Id`)
) ENGINE=MyISAM AUTO_INCREMENT=623 DEFAULT CHARSET=utf8;

/*Data for the table `userinfo` */

insert  into `userinfo`(`Id`,`UserName`,`Password`,`RealName`,`EmpCode`,`Telephone`,`Email`,`UserType`) values (1,'adf','12312321','aa',NULL,NULL,NULL,1),(9,'admin','965eb72c92a549dd','AdMin',NULL,'121212121',NULL,5),(10,'kenny','965eb72c92a549dd','yqw','39','76453',NULL,2),(11,'johnnyrscdd','965eb72c92a549dd','fdddd','238','585758416','fdd@dd.dd',2),(12,'adong','965eb72c92a549dd','dong',NULL,NULL,NULL,5),(13,'vivas','965eb72c92a549dd','brain','112',NULL,NULL,3),(14,'patton','965eb72c92a549dd','m46','46',NULL,NULL,4),(15,'pershing','965eb72c92a549dd','m26','26',NULL,NULL,2),(16,'maus','965eb72c92a549dd','rat',NULL,NULL,NULL,2),(17,'conq','965eb72c92a549dd','c',NULL,NULL,NULL,3),(18,'panther','965eb72c92a549dd','pz',NULL,NULL,NULL,2),(19,'hellcat','111111','m16','16','1345678909','hellcat@wot.com',4),(20,'aaaa','111111','aaaa','','','',2),(21,'aaaa2','965eb72c92a549dd','aaaa2','','','',2),(22,'0.18521836882943135','965eb72c92a549dd','RealName',NULL,NULL,NULL,1),(23,'0.4856159216590374','965eb72c92a549dd','RealName',NULL,NULL,NULL,1),(24,'0.8275182236242278','965eb72c92a549dd','RealName',NULL,NULL,NULL,1),(25,'aaaa3','965eb72c92a549dd','RealName',NULL,NULL,NULL,1),(26,'aaaa4','965eb72c92a549dd','RealName',NULL,NULL,NULL,1),(27,'aaaa0.3383296237684131','965eb72c92a549dd','RealName',NULL,NULL,NULL,1),(28,'aaaa92116','965eb72c92a549dd','RealName',NULL,NULL,NULL,1),(29,'a56358','965eb72c92a549dd','RealName',NULL,NULL,NULL,1),(30,'a5442','965eb72c92a549dd','RealName',NULL,NULL,NULL,1),(31,'a58135','965eb72c92a549dd','RealName',NULL,NULL,NULL,1),(32,'a74351','965eb72c92a549dd','RealName',NULL,NULL,NULL,1),(33,'a97350','965eb72c92a549dd','RealName',NULL,NULL,NULL,1),(34,'a63694','965eb72c92a549dd','RealName',NULL,NULL,NULL,1),(35,'a26423','965eb72c92a549dd','RealName',NULL,NULL,NULL,1),(36,'a41034','965eb72c92a549dd','RealName',NULL,NULL,NULL,1),(37,'a25899','965eb72c92a549dd','RealName',NULL,NULL,NULL,1),(38,'a6393','965eb72c92a549dd','RealName',NULL,NULL,NULL,1),(39,'a54266','965eb72c92a549dd','RealName',NULL,NULL,NULL,1),(40,'a52154','965eb72c92a549dd','RealName',NULL,NULL,NULL,1),(41,'a97972','965eb72c92a549dd','RealName',NULL,NULL,NULL,1),(42,'a33396','965eb72c92a549dd','RealName',NULL,NULL,NULL,1),(43,'a73066','965eb72c92a549dd','RealName',NULL,NULL,NULL,1),(44,'a65141','965eb72c92a549dd','RealName',NULL,NULL,NULL,1),(45,'a6508','965eb72c92a549dd','RealName',NULL,NULL,NULL,1),(46,'a37118','965eb72c92a549dd','RealName',NULL,NULL,NULL,1),(47,'a66067','965eb72c92a549dd','RealName',NULL,NULL,NULL,1),(48,'a18979','965eb72c92a549dd','RealName',NULL,NULL,NULL,1),(49,'a96693','965eb72c92a549dd','RealName',NULL,NULL,NULL,1),(50,'a26531','965eb72c92a549dd','RealName',NULL,NULL,NULL,1),(51,'a42573','965eb72c92a549dd','RealName',NULL,NULL,NULL,1),(52,'a33275','965eb72c92a549dd','RealName',NULL,NULL,NULL,1),(53,'a38655','965eb72c92a549dd','RealName',NULL,NULL,NULL,1),(54,'a93451','965eb72c92a549dd','RealName',NULL,NULL,NULL,1),(55,'a51290','965eb72c92a549dd','RealName',NULL,NULL,NULL,1),(56,'a76096','965eb72c92a549dd','RealName',NULL,NULL,NULL,1),(57,'a26612','965eb72c92a549dd','RealName',NULL,NULL,NULL,1),(58,'a4770','965eb72c92a549dd','RealName',NULL,NULL,NULL,1),(59,'a44014','965eb72c92a549dd','RealName',NULL,NULL,NULL,1),(60,'a5760','965eb72c92a549dd','RealName',NULL,NULL,NULL,1),(61,'a96757','965eb72c92a549dd','RealName',NULL,NULL,NULL,1),(62,'a66506','965eb72c92a549dd','RealName',NULL,NULL,NULL,1),(63,'a42257','965eb72c92a549dd','RealName',NULL,NULL,NULL,1),(64,'a11768','965eb72c92a549dd','RealName',NULL,NULL,NULL,1),(65,'a32068','965eb72c92a549dd','RealName',NULL,NULL,NULL,1),(66,'a25036','965eb72c92a549dd','RealName',NULL,NULL,NULL,1),(67,'a28976','965eb72c92a549dd','RealName',NULL,NULL,NULL,1),(68,'a69774','965eb72c92a549dd','RealName',NULL,NULL,NULL,1),(69,'a61939','965eb72c92a549dd','RealName',NULL,NULL,NULL,1),(70,'a373','965eb72c92a549dd','RealName',NULL,NULL,NULL,1),(71,'a16051','965eb72c92a549dd','RealName',NULL,NULL,NULL,1),(72,'a79134','965eb72c92a549dd','RealName',NULL,NULL,NULL,1),(73,'a47519','965eb72c92a549dd','RealName',NULL,NULL,NULL,1),(74,'a191','965eb72c92a549dd','RealName',NULL,NULL,NULL,1),(75,'a58398','965eb72c92a549dd','RealName',NULL,NULL,NULL,1),(76,'a91416','965eb72c92a549dd','RealName',NULL,NULL,NULL,1),(77,'a81887','965eb72c92a549dd','RealName',NULL,NULL,NULL,1),(78,'a35189','965eb72c92a549dd','RealName',NULL,NULL,NULL,1),(79,'a30281','965eb72c92a549dd','RealName',NULL,NULL,NULL,1),(80,'a45841','965eb72c92a549dd','RealName',NULL,NULL,NULL,1),(81,'a38359','965eb72c92a549dd','RealName',NULL,NULL,NULL,1),(82,'a54273','965eb72c92a549dd','RealName',NULL,NULL,NULL,1),(83,'a56287','965eb72c92a549dd','RealName',NULL,NULL,NULL,1),(84,'a18615','965eb72c92a549dd','RealName',NULL,NULL,NULL,1),(85,'a24217','965eb72c92a549dd','RealName',NULL,NULL,NULL,1),(86,'a65238','965eb72c92a549dd','RealName',NULL,NULL,NULL,1),(87,'a53538','965eb72c92a549dd','RealName',NULL,NULL,NULL,1),(88,'b71977','965eb72c92a549dd','RealName',NULL,NULL,NULL,1),(89,'b99273','965eb72c92a549dd','RealName',NULL,NULL,NULL,1),(90,'b80431','965eb72c92a549dd','RealName',NULL,NULL,NULL,1),(91,'b4338','965eb72c92a549dd','RealName',NULL,NULL,NULL,1),(92,'b80398','965eb72c92a549dd','RealName',NULL,NULL,NULL,1),(93,'b88976','965eb72c92a549dd','RealName',NULL,NULL,NULL,1),(94,'b3684','965eb72c92a549dd','RealName',NULL,NULL,NULL,1),(95,'b51492','965eb72c92a549dd','RealName',NULL,NULL,NULL,1),(96,'b46407','965eb72c92a549dd','RealName',NULL,NULL,NULL,1),(97,'b77562','965eb72c92a549dd','RealName',NULL,NULL,NULL,1),(98,'b48589','965eb72c92a549dd','RealName',NULL,NULL,NULL,1),(99,'b10256','965eb72c92a549dd','RealName',NULL,NULL,NULL,1),(100,'b5516','965eb72c92a549dd','RealName',NULL,NULL,NULL,1),(101,'b96810','965eb72c92a549dd','RealName',NULL,NULL,NULL,1),(102,'b67502','965eb72c92a549dd','RealName',NULL,NULL,NULL,1),(103,'b47082','965eb72c92a549dd','RealName',NULL,NULL,NULL,1),(104,'b32901','965eb72c92a549dd','RealName',NULL,NULL,NULL,1),(105,'b23260','965eb72c92a549dd','RealName',NULL,NULL,NULL,1),(106,'b17598','965eb72c92a549dd','RealName',NULL,NULL,NULL,1),(107,'b18211','965eb72c92a549dd','RealName',NULL,NULL,NULL,1),(108,'b38258','965eb72c92a549dd','RealName',NULL,NULL,NULL,1),(109,'b36659','965eb72c92a549dd','RealName',NULL,NULL,NULL,1),(110,'b68519','965eb72c92a549dd','RealName',NULL,NULL,NULL,1),(111,'b32618','965eb72c92a549dd','RealName',NULL,NULL,NULL,1),(112,'b57535','965eb72c92a549dd','RealName',NULL,NULL,NULL,1),(113,'b89818','965eb72c92a549dd','RealName',NULL,NULL,NULL,1),(114,'b76487','965eb72c92a549dd','RealName',NULL,NULL,NULL,1),(115,'b12981','965eb72c92a549dd','RealName',NULL,NULL,NULL,1),(116,'b35444','965eb72c92a549dd','RealName',NULL,NULL,NULL,1),(117,'b38275','965eb72c92a549dd','RealName',NULL,NULL,NULL,1),(118,'b85044','965eb72c92a549dd','RealName',NULL,NULL,NULL,1),(119,'b10393','965eb72c92a549dd','RealName',NULL,NULL,NULL,1),(120,'b96835','965eb72c92a549dd','RealName',NULL,NULL,NULL,1),(121,'b52996','965eb72c92a549dd','RealName',NULL,NULL,NULL,1),(122,'b74473','965eb72c92a549dd','RealName',NULL,NULL,NULL,1),(123,'b13378','965eb72c92a549dd','RealName',NULL,NULL,NULL,1),(124,'b43473','965eb72c92a549dd','RealName',NULL,NULL,NULL,1),(125,'b77231','965eb72c92a549dd','RealName',NULL,NULL,NULL,1),(126,'b55735','965eb72c92a549dd','RealName',NULL,NULL,NULL,1),(127,'b46982','965eb72c92a549dd','RealName',NULL,NULL,NULL,1),(128,'b67706','965eb72c92a549dd','RealName',NULL,NULL,NULL,1),(129,'b97585','965eb72c92a549dd','RealName',NULL,NULL,NULL,1),(130,'b84808','965eb72c92a549dd','RealName',NULL,NULL,NULL,1),(131,'b31282','965eb72c92a549dd','RealName',NULL,NULL,NULL,1),(132,'b1985','965eb72c92a549dd','RealName',NULL,NULL,NULL,1),(133,'b16081','965eb72c92a549dd','RealName',NULL,NULL,NULL,1),(134,'b74452','965eb72c92a549dd','RealName',NULL,NULL,NULL,1),(135,'b24013','965eb72c92a549dd','RealName',NULL,NULL,NULL,1),(136,'b96712','965eb72c92a549dd','RealName',NULL,NULL,NULL,1),(137,'b11522','965eb72c92a549dd','RealName',NULL,NULL,NULL,1),(138,'b67473','965eb72c92a549dd','RealName',NULL,NULL,NULL,1),(139,'b2797','965eb72c92a549dd','RealName',NULL,NULL,NULL,1),(140,'b11568','965eb72c92a549dd','RealName',NULL,NULL,NULL,1),(141,'b49450','965eb72c92a549dd','RealName',NULL,NULL,NULL,1),(142,'b12543','965eb72c92a549dd','RealName',NULL,NULL,NULL,1),(143,'b14368','965eb72c92a549dd','RealName',NULL,NULL,NULL,1),(144,'b34209','965eb72c92a549dd','RealName',NULL,NULL,NULL,1),(145,'b27944','965eb72c92a549dd','RealName',NULL,NULL,NULL,1),(146,'b37090','965eb72c92a549dd','RealName',NULL,NULL,NULL,1),(147,'b1619','965eb72c92a549dd','RealName',NULL,NULL,NULL,1),(148,'b96823','965eb72c92a549dd','RealName',NULL,NULL,NULL,1),(149,'b79261','965eb72c92a549dd','RealName',NULL,NULL,NULL,1),(150,'b5833','965eb72c92a549dd','RealName',NULL,NULL,NULL,1),(151,'b91385','965eb72c92a549dd','RealName',NULL,NULL,NULL,1),(152,'b39424','965eb72c92a549dd','RealName',NULL,NULL,NULL,1),(153,'b22965','965eb72c92a549dd','RealName',NULL,NULL,NULL,1),(154,'b96553','965eb72c92a549dd','RealName',NULL,NULL,NULL,1),(155,'b13868','965eb72c92a549dd','RealName',NULL,NULL,NULL,1),(156,'b79685','965eb72c92a549dd','RealName',NULL,NULL,NULL,1),(157,'b56818','965eb72c92a549dd','RealName',NULL,NULL,NULL,1),(158,'b45034','965eb72c92a549dd','RealName',NULL,NULL,NULL,1),(159,'b54718','965eb72c92a549dd','RealName',NULL,NULL,NULL,1),(160,'b38489','965eb72c92a549dd','RealName',NULL,NULL,NULL,1),(161,'b28290','965eb72c92a549dd','RealName',NULL,NULL,NULL,1),(162,'b25982','965eb72c92a549dd','RealName',NULL,NULL,NULL,1),(163,'b45043','965eb72c92a549dd','RealName',NULL,NULL,NULL,1),(164,'b47266','965eb72c92a549dd','RealName',NULL,NULL,NULL,1),(165,'b1203','965eb72c92a549dd','RealName',NULL,NULL,NULL,1),(166,'b64217','965eb72c92a549dd','RealName',NULL,NULL,NULL,1),(167,'b17477','965eb72c92a549dd','RealName',NULL,NULL,NULL,1),(168,'b94733','965eb72c92a549dd','RealName',NULL,NULL,NULL,1),(169,'b21233','965eb72c92a549dd','RealName',NULL,NULL,NULL,1),(170,'b21968','965eb72c92a549dd','RealName',NULL,NULL,NULL,1),(171,'b46141','965eb72c92a549dd','RealName',NULL,NULL,NULL,1),(172,'b64799','965eb72c92a549dd','RealName',NULL,NULL,NULL,1),(173,'b85572','965eb72c92a549dd','RealName',NULL,NULL,NULL,1),(174,'b33466','965eb72c92a549dd','RealName',NULL,NULL,NULL,1),(175,'b10610','965eb72c92a549dd','RealName',NULL,NULL,NULL,1),(176,'c52656','965eb72c92a549dd','RealName',NULL,NULL,NULL,1),(177,'c31447','965eb72c92a549dd','RealName',NULL,NULL,NULL,1),(178,'c99266','965eb72c92a549dd','RealName',NULL,NULL,NULL,1),(179,'c1990','965eb72c92a549dd','RealName',NULL,NULL,NULL,1),(180,'c12151','965eb72c92a549dd','RealName',NULL,NULL,NULL,1),(181,'c54784','965eb72c92a549dd','RealName',NULL,NULL,NULL,1),(182,'c37468','965eb72c92a549dd','RealName',NULL,NULL,NULL,1),(183,'c22987','965eb72c92a549dd','RealName',NULL,NULL,NULL,1),(184,'c2530','965eb72c92a549dd','RealName',NULL,NULL,NULL,1),(185,'c43690','965eb72c92a549dd','RealName',NULL,NULL,NULL,1),(186,'c10861','965eb72c92a549dd','RealName',NULL,NULL,NULL,1),(187,'c23233','965eb72c92a549dd','RealName',NULL,NULL,NULL,1),(188,'c83583','965eb72c92a549dd','RealName',NULL,NULL,NULL,1),(189,'c48215','965eb72c92a549dd','RealName',NULL,NULL,NULL,1),(190,'c90327','965eb72c92a549dd','RealName',NULL,NULL,NULL,1),(191,'c6989','965eb72c92a549dd','RealName',NULL,NULL,NULL,1),(192,'c63967','965eb72c92a549dd','RealName',NULL,NULL,NULL,1),(193,'c98864','965eb72c92a549dd','RealName',NULL,NULL,NULL,1),(194,'c2422','965eb72c92a549dd','RealName',NULL,NULL,NULL,1),(195,'c15518','965eb72c92a549dd','RealName',NULL,NULL,NULL,1),(196,'c70323','965eb72c92a549dd','RealName',NULL,NULL,NULL,1),(197,'c5059','965eb72c92a549dd','RealName',NULL,NULL,NULL,1),(198,'c14329','965eb72c92a549dd','RealName',NULL,NULL,NULL,1),(199,'c56469','965eb72c92a549dd','RealName',NULL,NULL,NULL,1),(200,'c39356','965eb72c92a549dd','RealName',NULL,NULL,NULL,1),(201,'c27373','965eb72c92a549dd','RealName',NULL,NULL,NULL,1),(202,'c18799','965eb72c92a549dd','RealName',NULL,NULL,NULL,1),(203,'c11874','965eb72c92a549dd','RealName',NULL,NULL,NULL,1),(204,'c2974','965eb72c92a549dd','RealName',NULL,NULL,NULL,1),(205,'c79248','965eb72c92a549dd','RealName',NULL,NULL,NULL,1),(206,'c87318','965eb72c92a549dd','RealName',NULL,NULL,NULL,1),(207,'c98846','965eb72c92a549dd','RealName',NULL,NULL,NULL,1),(208,'c32277','965eb72c92a549dd','RealName',NULL,NULL,NULL,1),(209,'c64845','965eb72c92a549dd','RealName',NULL,NULL,NULL,1),(210,'c27394','965eb72c92a549dd','RealName',NULL,NULL,NULL,1),(211,'c42437','965eb72c92a549dd','RealName',NULL,NULL,NULL,1),(212,'c30001','965eb72c92a549dd','RealName',NULL,NULL,NULL,1),(213,'c22693','965eb72c92a549dd','RealName',NULL,NULL,NULL,1),(214,'c23462','965eb72c92a549dd','RealName',NULL,NULL,NULL,1),(215,'c49233','965eb72c92a549dd','RealName',NULL,NULL,NULL,1),(216,'c75780','965eb72c92a549dd','RealName',NULL,NULL,NULL,1),(217,'c31200','965eb72c92a549dd','RealName',NULL,NULL,NULL,1),(218,'c28660','965eb72c92a549dd','RealName',NULL,NULL,NULL,1),(219,'c49700','965eb72c92a549dd','RealName',NULL,NULL,NULL,1),(220,'c62518','965eb72c92a549dd','RealName',NULL,NULL,NULL,1),(221,'c63493','965eb72c92a549dd','RealName',NULL,NULL,NULL,1),(222,'c29909','965eb72c92a549dd','RealName',NULL,NULL,NULL,1),(223,'c59066','965eb72c92a549dd','RealName',NULL,NULL,NULL,1),(224,'c5605','965eb72c92a549dd','RealName',NULL,NULL,NULL,1),(225,'c50824','965eb72c92a549dd','RealName',NULL,NULL,NULL,1),(226,'c37307','965eb72c92a549dd','RealName',NULL,NULL,NULL,1),(227,'c34063','965eb72c92a549dd','RealName',NULL,NULL,NULL,1),(228,'c58394','965eb72c92a549dd','RealName',NULL,NULL,NULL,1),(229,'c89780','965eb72c92a549dd','RealName',NULL,NULL,NULL,1),(230,'c73718','965eb72c92a549dd','RealName',NULL,NULL,NULL,1),(231,'c99251','965eb72c92a549dd','RealName',NULL,NULL,NULL,1),(232,'c75101','965eb72c92a549dd','RealName',NULL,NULL,NULL,1),(233,'c77751','965eb72c92a549dd','RealName',NULL,NULL,NULL,1),(234,'d63452','965eb72c92a549dd','RealName',NULL,NULL,NULL,1),(235,'d84008','965eb72c92a549dd','RealName',NULL,NULL,NULL,1),(236,'d29685','965eb72c92a549dd','RealName',NULL,NULL,NULL,1),(237,'d96400','965eb72c92a549dd','RealName',NULL,NULL,NULL,1),(238,'d92947','965eb72c92a549dd','RealName',NULL,NULL,NULL,1),(239,'d75533','965eb72c92a549dd','RealName',NULL,NULL,NULL,1),(240,'d98825','965eb72c92a549dd','RealName',NULL,NULL,NULL,1),(241,'d67525','965eb72c92a549dd','RealName',NULL,NULL,NULL,1),(242,'d41151','965eb72c92a549dd','RealName',NULL,NULL,NULL,1),(243,'d3180','965eb72c92a549dd','RealName',NULL,NULL,NULL,1),(244,'d92448','965eb72c92a549dd','RealName',NULL,NULL,NULL,1),(245,'d52698','965eb72c92a549dd','RealName',NULL,NULL,NULL,1),(246,'d86145','965eb72c92a549dd','RealName',NULL,NULL,NULL,1),(247,'d72631','965eb72c92a549dd','RealName',NULL,NULL,NULL,1),(248,'d4723','965eb72c92a549dd','RealName',NULL,NULL,NULL,1),(249,'d5720','965eb72c92a549dd','RealName',NULL,NULL,NULL,1),(250,'d14430','965eb72c92a549dd','RealName',NULL,NULL,NULL,1),(251,'d54990','965eb72c92a549dd','RealName',NULL,NULL,NULL,1),(252,'d31663','965eb72c92a549dd','RealName',NULL,NULL,NULL,1),(253,'d93342','965eb72c92a549dd','RealName',NULL,NULL,NULL,1),(254,'d71722','965eb72c92a549dd','RealName',NULL,NULL,NULL,1),(255,'d78584','965eb72c92a549dd','RealName',NULL,NULL,NULL,1),(256,'d77753','965eb72c92a549dd','RealName',NULL,NULL,NULL,1),(257,'d53015','965eb72c92a549dd','RealName',NULL,NULL,NULL,1),(258,'d31814','965eb72c92a549dd','RealName',NULL,NULL,NULL,1),(259,'d26','965eb72c92a549dd','RealName',NULL,NULL,NULL,1),(260,'d4688','965eb72c92a549dd','RealName',NULL,NULL,NULL,1),(261,'d23363','965eb72c92a549dd','RealName',NULL,NULL,NULL,1),(262,'d2750','965eb72c92a549dd','RealName',NULL,NULL,NULL,1),(263,'d43659','965eb72c92a549dd','RealName',NULL,NULL,NULL,1),(264,'d10047','965eb72c92a549dd','RealName',NULL,NULL,NULL,1),(265,'d19258','965eb72c92a549dd','RealName',NULL,NULL,NULL,1),(266,'d66150','965eb72c92a549dd','RealName',NULL,NULL,NULL,1),(267,'d72975','965eb72c92a549dd','RealName',NULL,NULL,NULL,1),(268,'d66424','965eb72c92a549dd','RealName',NULL,NULL,NULL,1),(269,'d13195','965eb72c92a549dd','RealName',NULL,NULL,NULL,1),(270,'d66705','965eb72c92a549dd','RealName',NULL,NULL,NULL,1),(271,'d93938','965eb72c92a549dd','RealName',NULL,NULL,NULL,1),(272,'d69575','965eb72c92a549dd','RealName',NULL,NULL,NULL,1),(273,'d66060','965eb72c92a549dd','RealName',NULL,NULL,NULL,1),(274,'d21578','965eb72c92a549dd','RealName',NULL,NULL,NULL,1),(275,'d9709','965eb72c92a549dd','RealName',NULL,NULL,NULL,1),(276,'d83810','965eb72c92a549dd','RealName',NULL,NULL,NULL,1),(277,'d89923','965eb72c92a549dd','RealName',NULL,NULL,NULL,1),(278,'d98186','965eb72c92a549dd','RealName',NULL,NULL,NULL,1),(279,'d21163','965eb72c92a549dd','RealName',NULL,NULL,NULL,1),(280,'d11253','965eb72c92a549dd','RealName',NULL,NULL,NULL,1),(281,'d92779','965eb72c92a549dd','RealName',NULL,NULL,NULL,1),(282,'d30136','965eb72c92a549dd','RealName',NULL,NULL,NULL,1),(283,'d72344','965eb72c92a549dd','RealName',NULL,NULL,NULL,1),(284,'d71312','965eb72c92a549dd','RealName',NULL,NULL,NULL,1),(285,'d39526','965eb72c92a549dd','RealName',NULL,NULL,NULL,1),(286,'d83693','965eb72c92a549dd','RealName',NULL,NULL,NULL,1),(287,'d99890','965eb72c92a549dd','RealName',NULL,NULL,NULL,1),(288,'d48369','965eb72c92a549dd','RealName',NULL,NULL,NULL,1),(289,'d42177','965eb72c92a549dd','RealName',NULL,NULL,NULL,1),(290,'d65775','965eb72c92a549dd','RealName',NULL,NULL,NULL,1),(291,'d2346','965eb72c92a549dd','RealName',NULL,NULL,NULL,1),(292,'d14405','965eb72c92a549dd','RealName',NULL,NULL,NULL,1),(293,'d64985','965eb72c92a549dd','RealName',NULL,NULL,NULL,1),(294,'d81710','965eb72c92a549dd','RealName',NULL,NULL,NULL,1),(295,'d13598','965eb72c92a549dd','RealName',NULL,NULL,NULL,1),(296,'d22857','965eb72c92a549dd','RealName',NULL,NULL,NULL,1),(297,'d73491','965eb72c92a549dd','RealName',NULL,NULL,NULL,1),(298,'d98885','965eb72c92a549dd','RealName',NULL,NULL,NULL,1),(299,'d73951','965eb72c92a549dd','RealName',NULL,NULL,NULL,1),(300,'d73100','965eb72c92a549dd','RealName',NULL,NULL,NULL,1),(301,'d43645','965eb72c92a549dd','RealName',NULL,NULL,NULL,1),(302,'d98928','965eb72c92a549dd','RealName',NULL,NULL,NULL,1),(303,'d63705','965eb72c92a549dd','RealName',NULL,NULL,NULL,1),(304,'d21742','965eb72c92a549dd','RealName',NULL,NULL,NULL,1),(305,'d17593','965eb72c92a549dd','RealName',NULL,NULL,NULL,1),(306,'d22738','965eb72c92a549dd','RealName',NULL,NULL,NULL,1),(307,'d60912','965eb72c92a549dd','RealName',NULL,NULL,NULL,1),(308,'d36344','965eb72c92a549dd','RealName',NULL,NULL,NULL,1),(309,'d98987','965eb72c92a549dd','RealName',NULL,NULL,NULL,1),(310,'d85903','965eb72c92a549dd','RealName',NULL,NULL,NULL,1),(311,'d32554','965eb72c92a549dd','RealName',NULL,NULL,NULL,1),(312,'d5058','965eb72c92a549dd','RealName',NULL,NULL,NULL,1),(313,'d27632','965eb72c92a549dd','RealName',NULL,NULL,NULL,1),(314,'d22984','965eb72c92a549dd','RealName',NULL,NULL,NULL,1),(315,'d32023','965eb72c92a549dd','RealName',NULL,NULL,NULL,1),(316,'d91164','965eb72c92a549dd','RealName',NULL,NULL,NULL,1),(317,'d59751','965eb72c92a549dd','RealName',NULL,NULL,NULL,1),(318,'d25263','965eb72c92a549dd','RealName',NULL,NULL,NULL,1),(319,'d47060','965eb72c92a549dd','RealName',NULL,NULL,NULL,1),(320,'d59514','965eb72c92a549dd','RealName',NULL,NULL,NULL,1),(321,'d56387','965eb72c92a549dd','RealName',NULL,NULL,NULL,1),(322,'d3396','965eb72c92a549dd','RealName',NULL,NULL,NULL,1),(323,'d47817','965eb72c92a549dd','RealName',NULL,NULL,NULL,1),(324,'d28897','965eb72c92a549dd','RealName',NULL,NULL,NULL,1),(325,'d1034','965eb72c92a549dd','RealName',NULL,NULL,NULL,1),(326,'d18481','965eb72c92a549dd','RealName',NULL,NULL,NULL,1),(327,'d89301','965eb72c92a549dd','RealName',NULL,NULL,NULL,1),(328,'d91065','965eb72c92a549dd','RealName',NULL,NULL,NULL,1),(329,'d87418','965eb72c92a549dd','RealName',NULL,NULL,NULL,1),(330,'d63898','965eb72c92a549dd','RealName',NULL,NULL,NULL,1),(331,'d57237','965eb72c92a549dd','RealName',NULL,NULL,NULL,1),(332,'d94490','965eb72c92a549dd','RealName',NULL,NULL,NULL,1),(333,'d740','965eb72c92a549dd','RealName',NULL,NULL,NULL,1),(334,'d20229','965eb72c92a549dd','RealName',NULL,NULL,NULL,1),(335,'d98927','965eb72c92a549dd','RealName',NULL,NULL,NULL,1),(336,'d33946','965eb72c92a549dd','RealName',NULL,NULL,NULL,1),(337,'d72947','965eb72c92a549dd','RealName',NULL,NULL,NULL,1),(338,'d62901','965eb72c92a549dd','RealName',NULL,NULL,NULL,1),(339,'d95660','965eb72c92a549dd','RealName',NULL,NULL,NULL,1),(340,'d89601','965eb72c92a549dd','RealName',NULL,NULL,NULL,1),(341,'d61021','965eb72c92a549dd','RealName',NULL,NULL,NULL,1),(342,'d36306','965eb72c92a549dd','RealName',NULL,NULL,NULL,1),(343,'aa98464','965eb72c92a549dd','RealName',NULL,NULL,NULL,1),(344,'aa83403','965eb72c92a549dd','RealName',NULL,NULL,NULL,1),(345,'aa21624','965eb72c92a549dd','RealName',NULL,NULL,NULL,1),(346,'aa57908','965eb72c92a549dd','RealName',NULL,NULL,NULL,1),(347,'aa24671','965eb72c92a549dd','RealName',NULL,NULL,NULL,1),(348,'aa49630','965eb72c92a549dd','RealName',NULL,NULL,NULL,1),(349,'aa74139','965eb72c92a549dd','RealName',NULL,NULL,NULL,1),(350,'aa21802','965eb72c92a549dd','RealName',NULL,NULL,NULL,1),(351,'aa86594','965eb72c92a549dd','RealName',NULL,NULL,NULL,1),(352,'aa67566','965eb72c92a549dd','RealName',NULL,NULL,NULL,1),(353,'aa78046','965eb72c92a549dd','RealName',NULL,NULL,NULL,1),(354,'aa87535','965eb72c92a549dd','RealName',NULL,NULL,NULL,1),(355,'aa3534','965eb72c92a549dd','RealName',NULL,NULL,NULL,1),(356,'aa55064','965eb72c92a549dd','RealName',NULL,NULL,NULL,1),(357,'aa64720','965eb72c92a549dd','RealName',NULL,NULL,NULL,1),(358,'aa58408','965eb72c92a549dd','RealName',NULL,NULL,NULL,1),(359,'aa97882','965eb72c92a549dd','RealName',NULL,NULL,NULL,1),(360,'aa14183','965eb72c92a549dd','RealName',NULL,NULL,NULL,1),(361,'aa77272','965eb72c92a549dd','RealName',NULL,NULL,NULL,1),(362,'aa43808','965eb72c92a549dd','RealName',NULL,NULL,NULL,1),(363,'aa87224','965eb72c92a549dd','RealName',NULL,NULL,NULL,1),(364,'aa4699','965eb72c92a549dd','RealName',NULL,NULL,NULL,1),(365,'aa61821','965eb72c92a549dd','RealName',NULL,NULL,NULL,1),(366,'aa95008','965eb72c92a549dd','RealName',NULL,NULL,NULL,1),(367,'aa89577','965eb72c92a549dd','RealName',NULL,NULL,NULL,1),(368,'aa62863','965eb72c92a549dd','RealName',NULL,NULL,NULL,1),(369,'aa45583','965eb72c92a549dd','RealName',NULL,NULL,NULL,1),(370,'aa39324','965eb72c92a549dd','RealName',NULL,NULL,NULL,1),(371,'aa59871','965eb72c92a549dd','RealName',NULL,NULL,NULL,1),(372,'aa81386','965eb72c92a549dd','RealName',NULL,NULL,NULL,1),(373,'aa27315','965eb72c92a549dd','RealName',NULL,NULL,NULL,1),(374,'aa92418','965eb72c92a549dd','RealName',NULL,NULL,NULL,1),(375,'aa80146','965eb72c92a549dd','RealName',NULL,NULL,NULL,1),(376,'aa23474','965eb72c92a549dd','RealName',NULL,NULL,NULL,1),(377,'aa76931','965eb72c92a549dd','RealName',NULL,NULL,NULL,1),(378,'aa14233','965eb72c92a549dd','RealName',NULL,NULL,NULL,1),(379,'aa40372','965eb72c92a549dd','RealName',NULL,NULL,NULL,1),(380,'aa59160','965eb72c92a549dd','RealName',NULL,NULL,NULL,1),(381,'aa74687','965eb72c92a549dd','RealName',NULL,NULL,NULL,1),(382,'aa95952','965eb72c92a549dd','RealName',NULL,NULL,NULL,1),(383,'aa55701','965eb72c92a549dd','RealName',NULL,NULL,NULL,1),(384,'aa90648','965eb72c92a549dd','RealName',NULL,NULL,NULL,1),(385,'aa86136','965eb72c92a549dd','RealName',NULL,NULL,NULL,1),(386,'aa58738','965eb72c92a549dd','RealName',NULL,NULL,NULL,1),(387,'aa35282','965eb72c92a549dd','RealName',NULL,NULL,NULL,1),(388,'aa196','965eb72c92a549dd','RealName',NULL,NULL,NULL,1),(389,'aa95135','965eb72c92a549dd','RealName',NULL,NULL,NULL,1),(390,'aa75085','965eb72c92a549dd','RealName',NULL,NULL,NULL,1),(391,'aa90021','965eb72c92a549dd','RealName',NULL,NULL,NULL,1),(392,'aa24848','965eb72c92a549dd','RealName',NULL,NULL,NULL,1),(393,'aa54177','965eb72c92a549dd','RealName',NULL,NULL,NULL,1),(394,'aa96342','965eb72c92a549dd','RealName',NULL,NULL,NULL,1),(395,'aa19178','965eb72c92a549dd','RealName',NULL,NULL,NULL,1),(396,'aa6866','965eb72c92a549dd','RealName',NULL,NULL,NULL,1),(397,'aa76795','965eb72c92a549dd','RealName',NULL,NULL,NULL,1),(398,'aa63375','965eb72c92a549dd','RealName',NULL,NULL,NULL,1),(399,'aa86493','965eb72c92a549dd','RealName',NULL,NULL,NULL,1),(400,'aa42339','965eb72c92a549dd','RealName',NULL,NULL,NULL,1),(401,'aa52218','965eb72c92a549dd','RealName',NULL,NULL,NULL,1),(402,'aa34070','965eb72c92a549dd','RealName',NULL,NULL,NULL,1),(403,'aa13698','965eb72c92a549dd','RealName',NULL,NULL,NULL,1),(404,'aa66279','965eb72c92a549dd','RealName',NULL,NULL,NULL,1),(405,'aa90302','965eb72c92a549dd','RealName',NULL,NULL,NULL,1),(406,'aa52671','965eb72c92a549dd','RealName',NULL,NULL,NULL,1),(407,'aa92448','965eb72c92a549dd','RealName',NULL,NULL,NULL,1),(408,'aa4229','965eb72c92a549dd','RealName',NULL,NULL,NULL,1),(409,'aa43801','965eb72c92a549dd','RealName',NULL,NULL,NULL,1),(410,'aa6319','965eb72c92a549dd','RealName',NULL,NULL,NULL,1),(411,'aa192','965eb72c92a549dd','RealName',NULL,NULL,NULL,1),(412,'aa82001','965eb72c92a549dd','RealName',NULL,NULL,NULL,1),(413,'aa9432','965eb72c92a549dd','RealName',NULL,NULL,NULL,1),(414,'aa1155','965eb72c92a549dd','RealName',NULL,NULL,NULL,1),(415,'aa77478','965eb72c92a549dd','RealName',NULL,NULL,NULL,1),(416,'aa83924','965eb72c92a549dd','RealName',NULL,NULL,NULL,1),(417,'aa87187','965eb72c92a549dd','RealName',NULL,NULL,NULL,1),(418,'aa84164','965eb72c92a549dd','RealName',NULL,NULL,NULL,1),(419,'aa59260','965eb72c92a549dd','RealName',NULL,NULL,NULL,1),(420,'aa43806','965eb72c92a549dd','RealName',NULL,NULL,NULL,1),(421,'aa41249','965eb72c92a549dd','RealName',NULL,NULL,NULL,1),(422,'aa74828','965eb72c92a549dd','RealName',NULL,NULL,NULL,1),(423,'aa50392','965eb72c92a549dd','RealName',NULL,NULL,NULL,1),(424,'aa27476','965eb72c92a549dd','RealName',NULL,NULL,NULL,1),(425,'aa86203','965eb72c92a549dd','RealName',NULL,NULL,NULL,1),(426,'aa48589','965eb72c92a549dd','RealName',NULL,NULL,NULL,1),(427,'aa84336','965eb72c92a549dd','RealName',NULL,NULL,NULL,1),(428,'aa75911','965eb72c92a549dd','RealName',NULL,NULL,NULL,1),(429,'aa26547','965eb72c92a549dd','RealName',NULL,NULL,NULL,1),(430,'aa5003','965eb72c92a549dd','RealName',NULL,NULL,NULL,1),(431,'aa45374','965eb72c92a549dd','RealName',NULL,NULL,NULL,1),(432,'aa11862','965eb72c92a549dd','RealName',NULL,NULL,NULL,1),(433,'aa23186','965eb72c92a549dd','RealName',NULL,NULL,NULL,1),(434,'aa80344','965eb72c92a549dd','RealName',NULL,NULL,NULL,1),(435,'aa32161','965eb72c92a549dd','RealName',NULL,NULL,NULL,1),(436,'aa19776','965eb72c92a549dd','RealName',NULL,NULL,NULL,1),(437,'aa2396','965eb72c92a549dd','RealName',NULL,NULL,NULL,1),(438,'aa52651','965eb72c92a549dd','RealName',NULL,NULL,NULL,1),(439,'aa56067','965eb72c92a549dd','RealName',NULL,NULL,NULL,1),(440,'aa22382','965eb72c92a549dd','RealName',NULL,NULL,NULL,1),(441,'aa43708','965eb72c92a549dd','RealName',NULL,NULL,NULL,1),(442,'aa51394','965eb72c92a549dd','RealName',NULL,NULL,NULL,1),(443,'aa25847','965eb72c92a549dd','RealName',NULL,NULL,NULL,1),(444,'aa75053','965eb72c92a549dd','RealName',NULL,NULL,NULL,1),(445,'aa97726','965eb72c92a549dd','RealName',NULL,NULL,NULL,1),(446,'aa63469','965eb72c92a549dd','RealName',NULL,NULL,NULL,1),(447,'aa24167','965eb72c92a549dd','RealName',NULL,NULL,NULL,1),(448,'aa30428','965eb72c92a549dd','RealName',NULL,NULL,NULL,1),(449,'aa79637','965eb72c92a549dd','RealName',NULL,NULL,NULL,1),(450,'aa6903','965eb72c92a549dd','RealName',NULL,NULL,NULL,1),(451,'aa95604','965eb72c92a549dd','RealName',NULL,NULL,NULL,1),(452,'aa57310','965eb72c92a549dd','RealName',NULL,NULL,NULL,1),(453,'aa99739','965eb72c92a549dd','RealName',NULL,NULL,NULL,1),(454,'ab26763','965eb72c92a549dd','RealName',NULL,NULL,NULL,1),(455,'ab34600','965eb72c92a549dd','RealName',NULL,NULL,NULL,1),(456,'ab92711','965eb72c92a549dd','RealName',NULL,NULL,NULL,1),(457,'ab59756','965eb72c92a549dd','RealName',NULL,NULL,NULL,1),(458,'ab20645','965eb72c92a549dd','RealName',NULL,NULL,NULL,1),(459,'ab23958','965eb72c92a549dd','RealName',NULL,NULL,NULL,1),(460,'ab57855','965eb72c92a549dd','RealName',NULL,NULL,NULL,1),(461,'ab17402','965eb72c92a549dd','RealName',NULL,NULL,NULL,1),(462,'ab13444','965eb72c92a549dd','RealName',NULL,NULL,NULL,1),(463,'ab15016','965eb72c92a549dd','RealName',NULL,NULL,NULL,1),(464,'ab34746','965eb72c92a549dd','RealName',NULL,NULL,NULL,1),(465,'ab28684','965eb72c92a549dd','RealName',NULL,NULL,NULL,1),(466,'ab39182','965eb72c92a549dd','RealName',NULL,NULL,NULL,1),(467,'ab9856','965eb72c92a549dd','RealName',NULL,NULL,NULL,1),(468,'ab31734','965eb72c92a549dd','RealName',NULL,NULL,NULL,1),(469,'ab29101','965eb72c92a549dd','RealName',NULL,NULL,NULL,1),(470,'ab50304','965eb72c92a549dd','RealName',NULL,NULL,NULL,1),(471,'ab64216','965eb72c92a549dd','RealName',NULL,NULL,NULL,1),(472,'ab70169','965eb72c92a549dd','RealName',NULL,NULL,NULL,1),(473,'ab58198','965eb72c92a549dd','RealName',NULL,NULL,NULL,1),(474,'ab80483','965eb72c92a549dd','RealName',NULL,NULL,NULL,1),(475,'ab27822','965eb72c92a549dd','RealName',NULL,NULL,NULL,1),(476,'ab97661','965eb72c92a549dd','RealName',NULL,NULL,NULL,1),(477,'ab4838','965eb72c92a549dd','RealName',NULL,NULL,NULL,1),(478,'ab31207','965eb72c92a549dd','RealName',NULL,NULL,NULL,1),(479,'ab41521','965eb72c92a549dd','RealName',NULL,NULL,NULL,1),(480,'ab13985','965eb72c92a549dd','RealName',NULL,NULL,NULL,1),(481,'ab45363','965eb72c92a549dd','RealName',NULL,NULL,NULL,1),(482,'ab84857','965eb72c92a549dd','RealName',NULL,NULL,NULL,1),(483,'ab88199','965eb72c92a549dd','RealName',NULL,NULL,NULL,1),(484,'ab86425','965eb72c92a549dd','RealName',NULL,NULL,NULL,1),(485,'ab67525','965eb72c92a549dd','RealName',NULL,NULL,NULL,1),(486,'ab78351','965eb72c92a549dd','RealName',NULL,NULL,NULL,1),(487,'ab89179','965eb72c92a549dd','RealName',NULL,NULL,NULL,1),(488,'ab10841','965eb72c92a549dd','RealName',NULL,NULL,NULL,1),(489,'ab86671','965eb72c92a549dd','RealName',NULL,NULL,NULL,1),(490,'ab831','965eb72c92a549dd','RealName',NULL,NULL,NULL,1),(491,'ab44143','965eb72c92a549dd','RealName',NULL,NULL,NULL,1),(492,'ab18222','965eb72c92a549dd','RealName',NULL,NULL,NULL,1),(493,'ab58679','965eb72c92a549dd','RealName',NULL,NULL,NULL,1),(494,'ab38731','965eb72c92a549dd','RealName',NULL,NULL,NULL,1),(495,'ab17616','965eb72c92a549dd','RealName',NULL,NULL,NULL,1),(496,'ab71887','965eb72c92a549dd','RealName',NULL,NULL,NULL,1),(497,'ab6588','965eb72c92a549dd','RealName',NULL,NULL,NULL,1),(498,'ab17280','965eb72c92a549dd','RealName',NULL,NULL,NULL,1),(499,'ab66635','965eb72c92a549dd','RealName',NULL,NULL,NULL,1),(500,'ab81335','965eb72c92a549dd','RealName',NULL,NULL,NULL,1),(501,'ab6771','965eb72c92a549dd','RealName',NULL,NULL,NULL,1),(502,'ab89848','965eb72c92a549dd','RealName',NULL,NULL,NULL,1),(503,'ab28929','965eb72c92a549dd','RealName',NULL,NULL,NULL,1),(504,'ab75099','965eb72c92a549dd','RealName',NULL,NULL,NULL,1),(505,'ab88709','965eb72c92a549dd','RealName',NULL,NULL,NULL,1),(506,'ab18248','965eb72c92a549dd','RealName',NULL,NULL,NULL,1),(507,'ab25112','965eb72c92a549dd','RealName',NULL,NULL,NULL,1),(508,'ab70818','965eb72c92a549dd','RealName',NULL,NULL,NULL,1),(509,'ab78751','965eb72c92a549dd','RealName',NULL,NULL,NULL,1),(510,'ab81303','965eb72c92a549dd','RealName',NULL,NULL,NULL,1),(511,'ab70262','965eb72c92a549dd','RealName',NULL,NULL,NULL,1),(512,'ab7401','965eb72c92a549dd','RealName',NULL,NULL,NULL,1),(513,'ab26219','965eb72c92a549dd','RealName',NULL,NULL,NULL,1),(514,'ab8892','965eb72c92a549dd','RealName',NULL,NULL,NULL,1),(515,'ab65805','965eb72c92a549dd','RealName',NULL,NULL,NULL,1),(516,'ab2347','965eb72c92a549dd','RealName',NULL,NULL,NULL,1),(517,'ab14320','965eb72c92a549dd','RealName',NULL,NULL,NULL,1),(518,'ab64558','965eb72c92a549dd','RealName',NULL,NULL,NULL,1),(519,'ab79832','965eb72c92a549dd','RealName',NULL,NULL,NULL,1),(520,'ab5484','965eb72c92a549dd','RealName',NULL,NULL,NULL,1),(521,'ab87926','965eb72c92a549dd','RealName',NULL,NULL,NULL,1),(522,'ab23176','965eb72c92a549dd','RealName',NULL,NULL,NULL,1),(523,'ab52101','965eb72c92a549dd','RealName',NULL,NULL,NULL,1),(524,'ab90978','965eb72c92a549dd','RealName',NULL,NULL,NULL,1),(525,'ab98585','965eb72c92a549dd','RealName',NULL,NULL,NULL,1),(526,'ab19993','965eb72c92a549dd','RealName',NULL,NULL,NULL,1),(527,'ab4209','965eb72c92a549dd','RealName',NULL,NULL,NULL,1),(528,'ab61066','965eb72c92a549dd','RealName',NULL,NULL,NULL,1),(529,'ab92705','965eb72c92a549dd','RealName',NULL,NULL,NULL,1),(530,'ab80327','965eb72c92a549dd','RealName',NULL,NULL,NULL,1),(531,'ab23519','965eb72c92a549dd','RealName',NULL,NULL,NULL,1),(532,'ab76614','965eb72c92a549dd','RealName',NULL,NULL,NULL,1),(533,'ab12511','965eb72c92a549dd','RealName',NULL,NULL,NULL,1),(534,'ab32716','965eb72c92a549dd','RealName',NULL,NULL,NULL,1),(535,'ab26048','965eb72c92a549dd','RealName',NULL,NULL,NULL,1),(536,'ab32090','965eb72c92a549dd','RealName',NULL,NULL,NULL,1),(537,'ab82305','965eb72c92a549dd','RealName',NULL,NULL,NULL,1),(538,'ab15257','965eb72c92a549dd','RealName',NULL,NULL,NULL,1),(539,'ab29371','965eb72c92a549dd','RealName',NULL,NULL,NULL,1),(540,'ab1082','965eb72c92a549dd','RealName',NULL,NULL,NULL,1),(541,'ab17298','965eb72c92a549dd','RealName',NULL,NULL,NULL,1),(542,'ab83245','965eb72c92a549dd','RealName',NULL,NULL,NULL,1),(543,'ab64329','965eb72c92a549dd','RealName',NULL,NULL,NULL,1),(544,'ab71913','965eb72c92a549dd','RealName',NULL,NULL,NULL,1),(545,'ab66575','965eb72c92a549dd','RealName',NULL,NULL,NULL,1),(546,'ab17135','965eb72c92a549dd','RealName',NULL,NULL,NULL,1),(547,'ab85953','965eb72c92a549dd','RealName',NULL,NULL,NULL,1),(548,'ab78360','965eb72c92a549dd','RealName',NULL,NULL,NULL,1),(549,'ab33940','965eb72c92a549dd','RealName',NULL,NULL,NULL,1),(550,'ab34621','965eb72c92a549dd','RealName',NULL,NULL,NULL,1),(551,'ab71285','965eb72c92a549dd','RealName',NULL,NULL,NULL,1),(552,'ab52561','965eb72c92a549dd','RealName',NULL,NULL,NULL,1),(553,'ab48952','965eb72c92a549dd','RealName',NULL,NULL,NULL,1),(554,'ab87077','965eb72c92a549dd','RealName',NULL,NULL,NULL,1),(555,'ab88529','965eb72c92a549dd','RealName',NULL,NULL,NULL,1),(556,'ab81415','965eb72c92a549dd','RealName',NULL,NULL,NULL,1),(557,'ab41489','965eb72c92a549dd','RealName',NULL,NULL,NULL,1),(558,'ab63198','965eb72c92a549dd','RealName',NULL,NULL,NULL,1),(559,'ab91524','965eb72c92a549dd','RealName',NULL,NULL,NULL,1),(560,'ab68024','965eb72c92a549dd','RealName',NULL,NULL,NULL,1),(561,'ab65549','965eb72c92a549dd','RealName',NULL,NULL,NULL,1),(562,'ab23674','965eb72c92a549dd','RealName',NULL,NULL,NULL,1),(563,'ab21723','965eb72c92a549dd','RealName',NULL,NULL,NULL,1),(564,'ab37595','965eb72c92a549dd','RealName',NULL,NULL,NULL,1),(565,'ab22802','965eb72c92a549dd','RealName',NULL,NULL,NULL,1),(566,'ab1228','965eb72c92a549dd','RealName',NULL,NULL,NULL,1),(567,'ab37734','965eb72c92a549dd','RealName',NULL,NULL,NULL,1),(568,'ab84987','965eb72c92a549dd','RealName',NULL,NULL,NULL,1),(569,'ab11731','965eb72c92a549dd','RealName',NULL,NULL,NULL,1),(570,'ab3693','965eb72c92a549dd','RealName',NULL,NULL,NULL,1),(571,'ab83272','965eb72c92a549dd','RealName',NULL,NULL,NULL,1),(572,'ab5282','965eb72c92a549dd','RealName',NULL,NULL,NULL,1),(573,'ab76596','965eb72c92a549dd','RealName',NULL,NULL,NULL,1),(574,'ab67131','965eb72c92a549dd','RealName',NULL,NULL,NULL,1),(575,'ab5867','965eb72c92a549dd','RealName',NULL,NULL,NULL,1),(576,'ab27943','965eb72c92a549dd','RealName',NULL,NULL,NULL,1),(577,'ac22112','965eb72c92a549dd','RealName',NULL,NULL,NULL,1),(578,'ac26734','965eb72c92a549dd','RealName',NULL,NULL,NULL,1),(579,'ac67332','965eb72c92a549dd','RealName',NULL,NULL,NULL,1),(580,'ac56459','965eb72c92a549dd','RealName',NULL,NULL,NULL,1),(581,'ac80298','965eb72c92a549dd','RealName',NULL,NULL,NULL,1),(582,'ac32113','965eb72c92a549dd','RealName',NULL,NULL,NULL,1),(583,'ac19670','965eb72c92a549dd','RealName',NULL,NULL,NULL,1),(584,'ac2013','965eb72c92a549dd','RealName',NULL,NULL,NULL,1),(585,'ac51054','965eb72c92a549dd','RealName',NULL,NULL,NULL,1),(586,'ac49231','965eb72c92a549dd','RealName',NULL,NULL,NULL,1),(587,'ac92992','965eb72c92a549dd','RealName',NULL,NULL,NULL,1),(588,'ac17268','965eb72c92a549dd','RealName',NULL,NULL,NULL,1),(589,'ac7362','965eb72c92a549dd','RealName',NULL,NULL,NULL,1),(590,'ac85007','965eb72c92a549dd','RealName',NULL,NULL,NULL,1),(591,'ac2950','965eb72c92a549dd','RealName',NULL,NULL,NULL,1),(592,'ac59728','965eb72c92a549dd','RealName',NULL,NULL,NULL,1),(593,'ac89792','965eb72c92a549dd','RealName',NULL,NULL,NULL,1),(594,'ac69776','965eb72c92a549dd','RealName',NULL,NULL,NULL,1),(595,'ac79504','965eb72c92a549dd','RealName',NULL,NULL,NULL,1),(596,'ac88192','965eb72c92a549dd','RealName',NULL,NULL,NULL,1),(597,'ac2446','965eb72c92a549dd','RealName',NULL,NULL,NULL,1),(598,'ac47654','965eb72c92a549dd','RealName',NULL,NULL,NULL,1),(599,'ac30934','965eb72c92a549dd','RealName',NULL,NULL,NULL,1),(600,'ac11706','965eb72c92a549dd','RealName',NULL,NULL,NULL,1),(601,'ac65728','965eb72c92a549dd','RealName',NULL,NULL,NULL,1),(602,'ac93522','965eb72c92a549dd','RealName',NULL,NULL,NULL,1),(603,'ac70427','965eb72c92a549dd','RealName',NULL,NULL,NULL,1),(604,'ac71570','965eb72c92a549dd','RealName',NULL,NULL,NULL,1),(605,'ac46569','965eb72c92a549dd','RealName',NULL,NULL,NULL,1),(606,'ac18135','965eb72c92a549dd','RealName',NULL,NULL,NULL,1),(607,'ac50970','965eb72c92a549dd','RealName',NULL,NULL,NULL,1),(608,'ac441','965eb72c92a549dd','RealName',NULL,NULL,NULL,1),(609,'ac49299','965eb72c92a549dd','RealName',NULL,NULL,NULL,1),(610,'ac45169','965eb72c92a549dd','RealName',NULL,NULL,NULL,1),(611,'ac77950','965eb72c92a549dd','RealName',NULL,NULL,NULL,1),(612,'ac54240','965eb72c92a549dd','RealName',NULL,NULL,NULL,1),(613,'ac37352','965eb72c92a549dd','RealName',NULL,NULL,NULL,1),(614,'ac24040','965eb72c92a549dd','RealName',NULL,NULL,NULL,1),(615,'ac8145','965eb72c92a549dd','RealName',NULL,NULL,NULL,1),(616,'ac68603','965eb72c92a549dd','RealName',NULL,NULL,NULL,1),(617,'ac18580','965eb72c92a549dd','RealName',NULL,NULL,NULL,1),(618,'ac87091','965eb72c92a549dd','RealName',NULL,NULL,NULL,1),(619,'ac79717','965eb72c92a549dd','RealName',NULL,NULL,NULL,1),(620,'ac37313','965eb72c92a549dd','RealName',NULL,NULL,NULL,1),(621,'ac47410','965eb72c92a549dd','RealName',NULL,NULL,NULL,1),(622,'ac25115','965eb72c92a549dd','RealName',NULL,NULL,NULL,1);

/*!40101 SET SQL_MODE=@OLD_SQL_MODE */;
/*!40014 SET FOREIGN_KEY_CHECKS=@OLD_FOREIGN_KEY_CHECKS */;
/*!40014 SET UNIQUE_CHECKS=@OLD_UNIQUE_CHECKS */;
/*!40111 SET SQL_NOTES=@OLD_SQL_NOTES */;
